order_id,created_at,customer,country,status,amount,currency,notes
100000,2026-01-01T00:00:00.000Z,klient10,PL,pending,49.57,PLN,
100001,2026-01-01T00:02:17.000Z,klient879,DE,paid,559.22,EUR,Zamówienie 1
100002,2026-01-01T00:04:34.000Z,klient469,GB,shipped,324.42,USD,Zamówienie 2
100003,2026-01-01T00:06:51.000Z,klient419,US,delivered,191.94,PLN,Zamówienie 3
100004,2026-01-01T00:09:08.000Z,klient497,FR,pending,583.86,EUR,Zamówienie 4
100005,2026-01-01T00:11:25.000Z,klient232,PL,paid,124.76,USD,Zamówienie 5
100006,2026-01-01T00:13:42.000Z,klient687,DE,shipped,414.72,PLN,
100007,2026-01-01T00:15:59.000Z,klient177,GB,delivered,294.37,EUR,Zamówienie 7
100008,2026-01-01T00:18:16.000Z,klient263,US,pending,427.79,USD,Zamówienie 8
100009,2026-01-01T00:20:33.000Z,klient266,FR,paid,782.36,PLN,Zamówienie 9
100010,2026-01-01T00:22:50.000Z,klient222,PL,shipped,702.22,EUR,Zamówienie 10
100011,2026-01-01T00:25:07.000Z,klient171,DE,delivered,114.93,USD,Zamówienie 11
100012,2026-01-01T00:27:24.000Z,klient139,GB,pending,232.76,PLN,
100013,2026-01-01T00:29:41.000Z,klient493,US,paid,609.50,EUR,Zamówienie 13
100014,2026-01-01T00:31:58.000Z,klient67,FR,shipped,730.35,USD,Zamówienie 14
100015,2026-01-01T00:34:15.000Z,klient498,PL,delivered,497.30,PLN,Zamówienie 15
100016,2026-01-01T00:36:32.000Z,klient612,DE,pending,772.79,EUR,Zamówienie 16
100017,2026-01-01T00:38:49.000Z,klient561,GB,paid,736.96,USD,Zamówienie 17
100018,2026-01-01T00:41:06.000Z,klient744,US,shipped,31.98,PLN,
100019,2026-01-01T00:43:23.000Z,klient157,FR,delivered,285.58,EUR,Zamówienie 19
100020,2026-01-01T00:45:40.000Z,klient382,PL,pending,16.14,USD,Zamówienie 20
100021,2026-01-01T00:47:57.000Z,klient79,DE,paid,614.41,PLN,Zamówienie 21
100022,2026-01-01T00:50:14.000Z,klient332,GB,shipped,341.37,EUR,Zamówienie 22
100023,2026-01-01T00:52:31.000Z,klient421,US,delivered,756.98,USD,Zamówienie 23
100024,2026-01-01T00:54:48.000Z,klient632,FR,pending,550.64,PLN,
100025,2026-01-01T00:57:05.000Z,klient297,PL,paid,285.07,EUR,Zamówienie 25
100026,2026-01-01T00:59:22.000Z,klient124,DE,shipped,106.63,USD,Zamówienie 26
100027,2026-01-01T01:01:39.000Z,klient821,GB,delivered,257.94,PLN,Zamówienie 27
100028,2026-01-01T01:03:56.000Z,klient171,US,pending,505.77,EUR,Zamówienie 28
100029,2026-01-01T01:06:13.000Z,klient303,FR,paid,34.91,USD,Zamówienie 29
100030,2026-01-01T01:08:30.000Z,klient615,PL,shipped,737.10,PLN,
100031,2026-01-01T01:10:47.000Z,klient493,DE,delivered,661.26,EUR,Zamówienie 31
100032,2026-01-01T01:13:04.000Z,klient589,GB,pending,735.90,USD,Zamówienie 32
100033,2026-01-01T01:15:21.000Z,klient105,US,paid,423.94,PLN,Zamówienie 33
100034,2026-01-01T01:17:38.000Z,klient584,FR,shipped,712.85,EUR,Zamówienie 34
100035,2026-01-01T01:19:55.000Z,klient864,PL,delivered,670.37,USD,Zamówienie 35
100036,2026-01-01T01:22:12.000Z,klient534,DE,pending,771.10,PLN,
100037,2026-01-01T01:24:29.000Z,klient870,GB,paid,438.85,EUR,Zamówienie 37
100038,2026-01-01T01:26:46.000Z,klient736,US,shipped,4.56,USD,Zamówienie 38
100039,2026-01-01T01:29:03.000Z,klient464,FR,delivered,262.45,PLN,Zamówienie 39
100040,2026-01-01T01:31:20.000Z,klient651,PL,pending,439.60,EUR,Zamówienie 40
100041,2026-01-01T01:33:37.000Z,klient679,DE,paid,781.55,USD,Zamówienie 41
100042,2026-01-01T01:35:54.000Z,klient501,GB,shipped,658.53,PLN,
100043,2026-01-01T01:38:11.000Z,klient386,US,delivered,513.88,EUR,Zamówienie 43
100044,2026-01-01T01:40:28.000Z,klient664,FR,pending,441.36,USD,Zamówienie 44
100045,2026-01-01T01:42:45.000Z,klient281,PL,paid,189.47,PLN,Zamówienie 45
100046,2026-01-01T01:45:02.000Z,klient8,DE,shipped,19.26,EUR,Zamówienie 46
100047,2026-01-01T01:47:19.000Z,klient849,GB,delivered,666.70,USD,Zamówienie 47
100048,2026-01-01T01:49:36.000Z,klient567,US,pending,11.52,PLN,
100049,2026-01-01T01:51:53.000Z,klient557,FR,paid,475.92,EUR,Zamówienie 49
100050,2026-01-01T01:54:10.000Z,klient645,PL,shipped,795.89,USD,Zamówienie 50
100051,2026-01-01T01:56:27.000Z,klient250,DE,delivered,789.02,PLN,Zamówienie 51
100052,2026-01-01T01:58:44.000Z,klient584,GB,pending,643.93,EUR,Zamówienie 52
100053,2026-01-01T02:01:01.000Z,klient561,US,paid,664.11,USD,"Uwaga: ""pilne"", sprawdzić"
100054,2026-01-01T02:03:18.000Z,klient125,FR,shipped,795.36,PLN,
100055,2026-01-01T02:05:35.000Z,klient456,PL,delivered,453.51,EUR,Zamówienie 55
100056,2026-01-01T02:07:52.000Z,klient144,DE,pending,316.93,USD,Zamówienie 56
100057,2026-01-01T02:10:09.000Z,klient189,GB,paid,650.83,PLN,Zamówienie 57
100058,2026-01-01T02:12:26.000Z,klient775,US,shipped,588.74,EUR,Zamówienie 58
100059,2026-01-01T02:14:43.000Z,klient592,FR,delivered,792.19,USD,Zamówienie 59
100060,2026-01-01T02:17:00.000Z,klient548,PL,pending,589.16,PLN,
100061,2026-01-01T02:19:17.000Z,klient859,DE,paid,391.38,EUR,Zamówienie 61
100062,2026-01-01T02:21:34.000Z,klient206,GB,shipped,467.21,USD,Zamówienie 62
100063,2026-01-01T02:23:51.000Z,klient716,US,delivered,683.14,PLN,Zamówienie 63
100064,2026-01-01T02:26:08.000Z,klient170,FR,pending,443.92,EUR,Zamówienie 64
100065,2026-01-01T02:28:25.000Z,klient429,PL,paid,420.52,USD,Zamówienie 65
100066,2026-01-01T02:30:42.000Z,klient162,DE,shipped,200.51,PLN,
100067,2026-01-01T02:32:59.000Z,klient395,GB,delivered,382.01,EUR,Zamówienie 67
100068,2026-01-01T02:35:16.000Z,klient153,US,pending,2.57,USD,Zamówienie 68
100069,2026-01-01T02:37:33.000Z,klient155,FR,paid,19.28,PLN,Zamówienie 69
100070,2026-01-01T02:39:50.000Z,klient96,PL,shipped,701.04,EUR,Zamówienie 70
100071,2026-01-01T02:42:07.000Z,klient884,DE,delivered,48.10,USD,Zamówienie 71
100072,2026-01-01T02:44:24.000Z,klient157,GB,pending,324.03,PLN,
100073,2026-01-01T02:46:41.000Z,klient449,US,paid,585.87,EUR,Zamówienie 73
100074,2026-01-01T02:48:58.000Z,klient331,FR,shipped,288.01,USD,Zamówienie 74
100075,2026-01-01T02:51:15.000Z,klient712,PL,delivered,568.59,PLN,Zamówienie 75
100076,2026-01-01T02:53:32.000Z,klient720,DE,pending,423.99,EUR,Zamówienie 76
100077,2026-01-01T02:55:49.000Z,klient718,GB,paid,329.73,USD,Zamówienie 77
100078,2026-01-01T02:58:06.000Z,klient506,US,shipped,234.12,PLN,
100079,2026-01-01T03:00:23.000Z,klient474,FR,delivered,621.19,EUR,Zamówienie 79
100080,2026-01-01T03:02:40.000Z,klient72,PL,pending,201.76,USD,Zamówienie 80
100081,2026-01-01T03:04:57.000Z,klient744,DE,paid,661.90,PLN,Zamówienie 81
100082,2026-01-01T03:07:14.000Z,klient697,GB,shipped,343.86,EUR,Zamówienie 82
100083,2026-01-01T03:09:31.000Z,klient321,US,delivered,736.26,USD,Zamówienie 83
100084,2026-01-01T03:11:48.000Z,klient226,FR,pending,289.13,PLN,
100085,2026-01-01T03:14:05.000Z,klient429,PL,paid,664.25,EUR,Zamówienie 85
100086,2026-01-01T03:16:22.000Z,klient363,DE,shipped,779.65,USD,Zamówienie 86
100087,2026-01-01T03:18:39.000Z,klient496,GB,delivered,349.05,PLN,Zamówienie 87
100088,2026-01-01T03:20:56.000Z,klient304,US,pending,429.63,EUR,Zamówienie 88
100089,2026-01-01T03:23:13.000Z,klient263,FR,paid,707.35,USD,Zamówienie 89
100090,2026-01-01T03:25:30.000Z,klient515,PL,shipped,788.83,PLN,
100091,2026-01-01T03:27:47.000Z,klient756,DE,delivered,396.51,EUR,Zamówienie 91
100092,2026-01-01T03:30:04.000Z,klient393,GB,pending,558.14,USD,Zamówienie 92
100093,2026-01-01T03:32:21.000Z,klient837,US,paid,440.52,PLN,Zamówienie 93
100094,2026-01-01T03:34:38.000Z,klient591,FR,shipped,129.91,EUR,Zamówienie 94
100095,2026-01-01T03:36:55.000Z,klient623,PL,delivered,312.64,USD,Zamówienie 95
100096,2026-01-01T03:39:12.000Z,klient548,DE,pending,684.82,PLN,
100097,2026-01-01T03:41:29.000Z,klient345,GB,paid,236.31,EUR,Zamówienie 97
100098,2026-01-01T03:43:46.000Z,klient81,US,shipped,546.77,USD,Zamówienie 98
100099,2026-01-01T03:46:03.000Z,klient658,FR,delivered,771.70,PLN,Zamówienie 99
100100,2026-01-01T03:48:20.000Z,klient285,PL,pending,207.71,EUR,Zamówienie 100
100101,2026-01-01T03:50:37.000Z,klient60,DE,paid,576.29,USD,Zamówienie 101
100102,2026-01-01T03:52:54.000Z,klient833,GB,shipped,627.35,PLN,
100103,2026-01-01T03:55:11.000Z,klient745,US,delivered,770.19,EUR,Zamówienie 103
100104,2026-01-01T03:57:28.000Z,klient203,FR,pending,783.01,USD,Zamówienie 104
100105,2026-01-01T03:59:45.000Z,klient254,PL,paid,430.74,PLN,Zamówienie 105
100106,2026-01-01T04:02:02.000Z,klient351,DE,shipped,570.85,EUR,"Uwaga: ""pilne"", sprawdzić"
100107,2026-01-01T04:04:19.000Z,klient684,GB,delivered,498.98,USD,Zamówienie 107
100108,2026-01-01T04:06:36.000Z,klient652,US,pending,497.20,PLN,
100109,2026-01-01T04:08:53.000Z,klient534,FR,paid,217.53,EUR,Zamówienie 109
100110,2026-01-01T04:11:10.000Z,klient748,PL,shipped,386.08,USD,Zamówienie 110
100111,2026-01-01T04:13:27.000Z,klient125,DE,delivered,578.03,PLN,Zamówienie 111
100112,2026-01-01T04:15:44.000Z,klient417,GB,pending,447.63,EUR,Zamówienie 112
100113,2026-01-01T04:18:01.000Z,klient496,US,paid,710.42,USD,Zamówienie 113
100114,2026-01-01T04:20:18.000Z,klient857,FR,shipped,122.64,PLN,
100115,2026-01-01T04:22:35.000Z,klient91,PL,delivered,229.53,EUR,Zamówienie 115
100116,2026-01-01T04:24:52.000Z,klient471,DE,pending,314.21,USD,Zamówienie 116
100117,2026-01-01T04:27:09.000Z,klient819,GB,paid,685.81,PLN,Zamówienie 117
100118,2026-01-01T04:29:26.000Z,klient477,US,shipped,726.37,EUR,Zamówienie 118
100119,2026-01-01T04:31:43.000Z,klient250,FR,delivered,394.50,USD,Zamówienie 119
100120,2026-01-01T04:34:00.000Z,klient833,PL,pending,540.74,PLN,
100121,2026-01-01T04:36:17.000Z,klient716,DE,paid,266.83,EUR,Zamówienie 121
100122,2026-01-01T04:38:34.000Z,klient818,GB,shipped,775.70,USD,Zamówienie 122
100123,2026-01-01T04:40:51.000Z,klient758,US,delivered,2.14,PLN,Zamówienie 123
100124,2026-01-01T04:43:08.000Z,klient150,FR,pending,602.10,EUR,Zamówienie 124
100125,2026-01-01T04:45:25.000Z,klient94,PL,paid,66.02,USD,Zamówienie 125
100126,2026-01-01T04:47:42.000Z,klient820,DE,shipped,217.02,PLN,
100127,2026-01-01T04:49:59.000Z,klient530,GB,delivered,209.74,EUR,Zamówienie 127
100128,2026-01-01T04:52:16.000Z,klient714,US,pending,575.67,USD,Zamówienie 128
100129,2026-01-01T04:54:33.000Z,klient51,FR,paid,357.33,PLN,Zamówienie 129
100130,2026-01-01T04:56:50.000Z,klient881,PL,shipped,65.90,EUR,Zamówienie 130
100131,2026-01-01T04:59:07.000Z,klient76,DE,delivered,304.96,USD,Zamówienie 131
100132,2026-01-01T05:01:24.000Z,klient710,GB,pending,553.05,PLN,
100133,2026-01-01T05:03:41.000Z,klient244,US,paid,398.03,EUR,Zamówienie 133
100134,2026-01-01T05:05:58.000Z,klient95,FR,shipped,386.15,USD,Zamówienie 134
100135,2026-01-01T05:08:15.000Z,klient393,PL,delivered,435.41,PLN,Zamówienie 135
100136,2026-01-01T05:10:32.000Z,klient151,DE,pending,617.82,EUR,Zamówienie 136
100137,2026-01-01T05:12:49.000Z,klient272,GB,paid,553.48,USD,Zamówienie 137
100138,2026-01-01T05:15:06.000Z,klient749,US,shipped,29.56,PLN,
100139,2026-01-01T05:17:23.000Z,klient163,FR,delivered,573.75,EUR,Zamówienie 139
100140,2026-01-01T05:19:40.000Z,klient803,PL,pending,225.51,USD,Zamówienie 140
100141,2026-01-01T05:21:57.000Z,klient755,DE,paid,515.48,PLN,Zamówienie 141
100142,2026-01-01T05:24:14.000Z,klient290,GB,shipped,75.82,EUR,Zamówienie 142
100143,2026-01-01T05:26:31.000Z,klient96,US,delivered,790.72,USD,Zamówienie 143
100144,2026-01-01T05:28:48.000Z,klient624,FR,pending,206.21,PLN,
100145,2026-01-01T05:31:05.000Z,klient466,PL,paid,56.64,EUR,Zamówienie 145
100146,2026-01-01T05:33:22.000Z,klient464,DE,shipped,341.19,USD,Zamówienie 146
100147,2026-01-01T05:35:39.000Z,klient701,GB,delivered,129.82,PLN,Zamówienie 147
100148,2026-01-01T05:37:56.000Z,klient667,US,pending,136.37,EUR,Zamówienie 148
100149,2026-01-01T05:40:13.000Z,klient214,FR,paid,163.71,USD,Zamówienie 149
100150,2026-01-01T05:42:30.000Z,klient792,PL,shipped,24.64,PLN,
100151,2026-01-01T05:44:47.000Z,klient30,DE,delivered,752.22,EUR,Zamówienie 151
100152,2026-01-01T05:47:04.000Z,klient828,GB,pending,386.99,USD,Zamówienie 152
100153,2026-01-01T05:49:21.000Z,klient518,US,paid,564.06,PLN,Zamówienie 153
100154,2026-01-01T05:51:38.000Z,klient153,FR,shipped,414.46,EUR,Zamówienie 154
100155,2026-01-01T05:53:55.000Z,klient67,PL,delivered,476.22,USD,Zamówienie 155
100156,2026-01-01T05:56:12.000Z,klient649,DE,pending,676.16,PLN,
100157,2026-01-01T05:58:29.000Z,klient62,GB,paid,456.14,EUR,Zamówienie 157
100158,2026-01-01T06:00:46.000Z,klient333,US,shipped,44.63,USD,Zamówienie 158
100159,2026-01-01T06:03:03.000Z,klient828,FR,delivered,218.25,PLN,"Uwaga: ""pilne"", sprawdzić"
100160,2026-01-01T06:05:20.000Z,klient139,PL,pending,226.81,EUR,Zamówienie 160
100161,2026-01-01T06:07:37.000Z,klient312,DE,paid,634.64,USD,Zamówienie 161
100162,2026-01-01T06:09:54.000Z,klient741,GB,shipped,692.83,PLN,
100163,2026-01-01T06:12:11.000Z,klient696,US,delivered,566.16,EUR,Zamówienie 163
100164,2026-01-01T06:14:28.000Z,klient778,FR,pending,510.08,USD,Zamówienie 164
100165,2026-01-01T06:16:45.000Z,klient631,PL,paid,550.44,PLN,Zamówienie 165
100166,2026-01-01T06:19:02.000Z,klient277,DE,shipped,322.66,EUR,Zamówienie 166
100167,2026-01-01T06:21:19.000Z,klient593,GB,delivered,261.91,USD,Zamówienie 167
100168,2026-01-01T06:23:36.000Z,klient217,US,pending,397.21,PLN,
100169,2026-01-01T06:25:53.000Z,klient538,FR,paid,540.14,EUR,Zamówienie 169
100170,2026-01-01T06:28:10.000Z,klient383,PL,shipped,568.94,USD,Zamówienie 170
100171,2026-01-01T06:30:27.000Z,klient217,DE,delivered,590.33,PLN,Zamówienie 171
100172,2026-01-01T06:32:44.000Z,klient467,GB,pending,352.12,EUR,Zamówienie 172
100173,2026-01-01T06:35:01.000Z,klient352,US,paid,652.43,USD,Zamówienie 173
100174,2026-01-01T06:37:18.000Z,klient112,FR,shipped,443.12,PLN,
100175,2026-01-01T06:39:35.000Z,klient486,PL,delivered,527.59,EUR,Zamówienie 175
100176,2026-01-01T06:41:52.000Z,klient564,DE,pending,62.19,USD,Zamówienie 176
100177,2026-01-01T06:44:09.000Z,klient376,GB,paid,756.20,PLN,Zamówienie 177
100178,2026-01-01T06:46:26.000Z,klient641,US,shipped,409.47,EUR,Zamówienie 178
100179,2026-01-01T06:48:43.000Z,klient625,FR,delivered,253.08,USD,Zamówienie 179
100180,2026-01-01T06:51:00.000Z,klient878,PL,pending,50.40,PLN,
100181,2026-01-01T06:53:17.000Z,klient686,DE,paid,357.26,EUR,Zamówienie 181
100182,2026-01-01T06:55:34.000Z,klient202,GB,shipped,393.77,USD,Zamówienie 182
100183,2026-01-01T06:57:51.000Z,klient202,US,delivered,683.86,PLN,Zamówienie 183
100184,2026-01-01T07:00:08.000Z,klient899,FR,pending,427.66,EUR,Zamówienie 184
100185,2026-01-01T07:02:25.000Z,klient850,PL,paid,133.20,USD,Zamówienie 185
100186,2026-01-01T07:04:42.000Z,klient433,DE,shipped,139.18,PLN,
100187,2026-01-01T07:06:59.000Z,klient38,GB,delivered,561.16,EUR,Zamówienie 187
100188,2026-01-01T07:09:16.000Z,klient686,US,pending,172.77,USD,Zamówienie 188
100189,2026-01-01T07:11:33.000Z,klient5,FR,paid,385.56,PLN,Zamówienie 189
100190,2026-01-01T07:13:50.000Z,klient598,PL,shipped,249.57,EUR,Zamówienie 190
100191,2026-01-01T07:16:07.000Z,klient482,DE,delivered,752.24,USD,Zamówienie 191
100192,2026-01-01T07:18:24.000Z,klient264,GB,pending,440.89,PLN,
100193,2026-01-01T07:20:41.000Z,klient625,US,paid,240.05,EUR,Zamówienie 193
100194,2026-01-01T07:22:58.000Z,klient93,FR,shipped,507.62,USD,Zamówienie 194
100195,2026-01-01T07:25:15.000Z,klient107,PL,delivered,437.44,PLN,Zamówienie 195
100196,2026-01-01T07:27:32.000Z,klient408,DE,pending,537.61,EUR,Zamówienie 196
100197,2026-01-01T07:29:49.000Z,klient736,GB,paid,592.98,USD,Zamówienie 197
100198,2026-01-01T07:32:06.000Z,klient517,US,shipped,621.67,PLN,
100199,2026-01-01T07:34:23.000Z,klient474,FR,delivered,602.11,EUR,Zamówienie 199
100200,2026-01-01T07:36:40.000Z,klient552,PL,pending,492.01,USD,Zamówienie 200
100201,2026-01-01T07:38:57.000Z,klient539,DE,paid,540.12,PLN,Zamówienie 201
100202,2026-01-01T07:41:14.000Z,klient687,GB,shipped,577.72,EUR,Zamówienie 202
100203,2026-01-01T07:43:31.000Z,klient788,US,delivered,687.44,USD,Zamówienie 203
100204,2026-01-01T07:45:48.000Z,klient607,FR,pending,501.40,PLN,
100205,2026-01-01T07:48:05.000Z,klient135,PL,paid,203.98,EUR,Zamówienie 205
100206,2026-01-01T07:50:22.000Z,klient894,DE,shipped,162.71,USD,Zamówienie 206
100207,2026-01-01T07:52:39.000Z,klient815,GB,delivered,30.18,PLN,Zamówienie 207
100208,2026-01-01T07:54:56.000Z,klient672,US,pending,414.93,EUR,Zamówienie 208
100209,2026-01-01T07:57:13.000Z,klient742,FR,paid,217.05,USD,Zamówienie 209
100210,2026-01-01T07:59:30.000Z,klient164,PL,shipped,261.76,PLN,
100211,2026-01-01T08:01:47.000Z,klient630,DE,delivered,516.67,EUR,Zamówienie 211
100212,2026-01-01T08:04:04.000Z,klient295,GB,pending,86.27,USD,"Uwaga: ""pilne"", sprawdzić"
100213,2026-01-01T08:06:21.000Z,klient280,US,paid,750.71,PLN,Zamówienie 213
100214,2026-01-01T08:08:38.000Z,klient85,FR,shipped,120.94,EUR,Zamówienie 214
100215,2026-01-01T08:10:55.000Z,klient227,PL,delivered,586.27,USD,Zamówienie 215
100216,2026-01-01T08:13:12.000Z,klient0,DE,pending,571.44,PLN,
100217,2026-01-01T08:15:29.000Z,klient3,GB,paid,781.05,EUR,Zamówienie 217
100218,2026-01-01T08:17:46.000Z,klient457,US,shipped,777.18,USD,Zamówienie 218
100219,2026-01-01T08:20:03.000Z,klient548,FR,delivered,308.86,PLN,Zamówienie 219
100220,2026-01-01T08:22:20.000Z,klient693,PL,pending,219.92,EUR,Zamówienie 220
100221,2026-01-01T08:24:37.000Z,klient330,DE,paid,529.26,USD,Zamówienie 221
100222,2026-01-01T08:26:54.000Z,klient688,GB,shipped,431.63,PLN,
100223,2026-01-01T08:29:11.000Z,klient664,US,delivered,304.08,EUR,Zamówienie 223
100224,2026-01-01T08:31:28.000Z,klient552,FR,pending,196.93,USD,Zamówienie 224
100225,2026-01-01T08:33:45.000Z,klient57,PL,paid,318.94,PLN,Zamówienie 225
100226,2026-01-01T08:36:02.000Z,klient202,DE,shipped,609.89,EUR,Zamówienie 226
100227,2026-01-01T08:38:19.000Z,klient146,GB,delivered,259.30,USD,Zamówienie 227
100228,2026-01-01T08:40:36.000Z,klient87,US,pending,267.87,PLN,
100229,2026-01-01T08:42:53.000Z,klient840,FR,paid,710.48,EUR,Zamówienie 229
100230,2026-01-01T08:45:10.000Z,klient525,PL,shipped,583.83,USD,Zamówienie 230
100231,2026-01-01T08:47:27.000Z,klient776,DE,delivered,12.43,PLN,Zamówienie 231
100232,2026-01-01T08:49:44.000Z,klient177,GB,pending,165.81,EUR,Zamówienie 232
100233,2026-01-01T08:52:01.000Z,klient371,US,paid,368.89,USD,Zamówienie 233
100234,2026-01-01T08:54:18.000Z,klient137,FR,shipped,365.06,PLN,
100235,2026-01-01T08:56:35.000Z,klient332,PL,delivered,7.20,EUR,Zamówienie 235
100236,2026-01-01T08:58:52.000Z,klient5,DE,pending,507.57,USD,Zamówienie 236
100237,2026-01-01T09:01:09.000Z,klient383,GB,paid,240.96,PLN,Zamówienie 237
100238,2026-01-01T09:03:26.000Z,klient38,US,shipped,350.87,EUR,Zamówienie 238
100239,2026-01-01T09:05:43.000Z,klient694,FR,delivered,692.19,USD,Zamówienie 239
100240,2026-01-01T09:08:00.000Z,klient487,PL,pending,575.10,PLN,
100241,2026-01-01T09:10:17.000Z,klient887,DE,paid,769.33,EUR,Zamówienie 241
100242,2026-01-01T09:12:34.000Z,klient300,GB,shipped,692.31,USD,Zamówienie 242
100243,2026-01-01T09:14:51.000Z,klient735,US,delivered,638.64,PLN,Zamówienie 243
100244,2026-01-01T09:17:08.000Z,klient842,FR,pending,555.87,EUR,Zamówienie 244
100245,2026-01-01T09:19:25.000Z,klient635,PL,paid,256.69,USD,Zamówienie 245
100246,2026-01-01T09:21:42.000Z,klient272,DE,shipped,636.32,PLN,
100247,2026-01-01T09:23:59.000Z,klient306,GB,delivered,609.63,EUR,Zamówienie 247
100248,2026-01-01T09:26:16.000Z,klient55,US,pending,460.48,USD,Zamówienie 248
100249,2026-01-01T09:28:33.000Z,klient520,FR,paid,191.92,PLN,Zamówienie 249
100250,2026-01-01T09:30:50.000Z,klient412,PL,shipped,530.41,EUR,Zamówienie 250
100251,2026-01-01T09:33:07.000Z,klient814,DE,delivered,239.91,USD,Zamówienie 251
100252,2026-01-01T09:35:24.000Z,klient12,GB,pending,460.08,PLN,
100253,2026-01-01T09:37:41.000Z,klient432,US,paid,35.09,EUR,Zamówienie 253
100254,2026-01-01T09:39:58.000Z,klient45,FR,shipped,321.80,USD,Zamówienie 254
100255,2026-01-01T09:42:15.000Z,klient164,PL,delivered,541.88,PLN,Zamówienie 255
100256,2026-01-01T09:44:32.000Z,klient660,DE,pending,638.54,EUR,Zamówienie 256
100257,2026-01-01T09:46:49.000Z,klient694,GB,paid,624.79,USD,Zamówienie 257
100258,2026-01-01T09:49:06.000Z,klient453,US,shipped,743.35,PLN,
100259,2026-01-01T09:51:23.000Z,klient819,FR,delivered,422.51,EUR,Zamówienie 259
100260,2026-01-01T09:53:40.000Z,klient851,PL,pending,739.16,USD,Zamówienie 260
100261,2026-01-01T09:55:57.000Z,klient304,DE,paid,727.80,PLN,Zamówienie 261
100262,2026-01-01T09:58:14.000Z,klient715,GB,shipped,396.03,EUR,Zamówienie 262
100263,2026-01-01T10:00:31.000Z,klient359,US,delivered,224.71,USD,Zamówienie 263
100264,2026-01-01T10:02:48.000Z,klient447,FR,pending,766.79,PLN,
100265,2026-01-01T10:05:05.000Z,klient659,PL,paid,275.77,EUR,"Uwaga: ""pilne"", sprawdzić"
100266,2026-01-01T10:07:22.000Z,klient684,DE,shipped,599.55,USD,Zamówienie 266
100267,2026-01-01T10:09:39.000Z,klient570,GB,delivered,577.02,PLN,Zamówienie 267
100268,2026-01-01T10:11:56.000Z,klient558,US,pending,656.74,EUR,Zamówienie 268
100269,2026-01-01T10:14:13.000Z,klient75,FR,paid,632.46,USD,Zamówienie 269
100270,2026-01-01T10:16:30.000Z,klient826,PL,shipped,143.03,PLN,
100271,2026-01-01T10:18:47.000Z,klient364,DE,delivered,591.26,EUR,Zamówienie 271
100272,2026-01-01T10:21:04.000Z,klient699,GB,pending,408.68,USD,Zamówienie 272
100273,2026-01-01T10:23:21.000Z,klient382,US,paid,755.05,PLN,Zamówienie 273
100274,2026-01-01T10:25:38.000Z,klient891,FR,shipped,120.50,EUR,Zamówienie 274
100275,2026-01-01T10:27:55.000Z,klient592,PL,delivered,187.97,USD,Zamówienie 275
100276,2026-01-01T10:30:12.000Z,klient513,DE,pending,376.12,PLN,
100277,2026-01-01T10:32:29.000Z,klient489,GB,paid,326.47,EUR,Zamówienie 277
100278,2026-01-01T10:34:46.000Z,klient610,US,shipped,485.67,USD,Zamówienie 278
100279,2026-01-01T10:37:03.000Z,klient754,FR,delivered,79.07,PLN,Zamówienie 279
100280,2026-01-01T10:39:20.000Z,klient173,PL,pending,688.62,EUR,Zamówienie 280
100281,2026-01-01T10:41:37.000Z,klient65,DE,paid,652.91,USD,Zamówienie 281
100282,2026-01-01T10:43:54.000Z,klient285,GB,shipped,513.47,PLN,
100283,2026-01-01T10:46:11.000Z,klient311,US,delivered,647.97,EUR,Zamówienie 283
100284,2026-01-01T10:48:28.000Z,klient198,FR,pending,117.26,USD,Zamówienie 284
100285,2026-01-01T10:50:45.000Z,klient420,PL,paid,486.10,PLN,Zamówienie 285
100286,2026-01-01T10:53:02.000Z,klient92,DE,shipped,777.19,EUR,Zamówienie 286
100287,2026-01-01T10:55:19.000Z,klient57,GB,delivered,500.06,USD,Zamówienie 287
100288,2026-01-01T10:57:36.000Z,klient462,US,pending,138.10,PLN,
100289,2026-01-01T10:59:53.000Z,klient723,FR,paid,743.42,EUR,Zamówienie 289
100290,2026-01-01T11:02:10.000Z,klient605,PL,shipped,25.84,USD,Zamówienie 290
100291,2026-01-01T11:04:27.000Z,klient166,DE,delivered,470.58,PLN,Zamówienie 291
100292,2026-01-01T11:06:44.000Z,klient202,GB,pending,243.99,EUR,Zamówienie 292
100293,2026-01-01T11:09:01.000Z,klient391,US,paid,135.36,USD,Zamówienie 293
100294,2026-01-01T11:11:18.000Z,klient93,FR,shipped,382.71,PLN,
100295,2026-01-01T11:13:35.000Z,klient619,PL,delivered,757.78,EUR,Zamówienie 295
100296,2026-01-01T11:15:52.000Z,klient588,DE,pending,528.16,USD,Zamówienie 296
100297,2026-01-01T11:18:09.000Z,klient422,GB,paid,282.33,PLN,Zamówienie 297
100298,2026-01-01T11:20:26.000Z,klient77,US,shipped,257.85,EUR,Zamówienie 298
100299,2026-01-01T11:22:43.000Z,klient514,FR,delivered,495.81,USD,Zamówienie 299
100300,2026-01-01T11:25:00.000Z,klient805,PL,pending,59.34,PLN,
100301,2026-01-01T11:27:17.000Z,klient230,DE,paid,57.19,EUR,Zamówienie 301
100302,2026-01-01T11:29:34.000Z,klient440,GB,shipped,568.40,USD,Zamówienie 302
100303,2026-01-01T11:31:51.000Z,klient840,US,delivered,65.84,PLN,Zamówienie 303
100304,2026-01-01T11:34:08.000Z,klient692,FR,pending,763.00,EUR,Zamówienie 304
100305,2026-01-01T11:36:25.000Z,klient404,PL,paid,705.25,USD,Zamówienie 305
100306,2026-01-01T11:38:42.000Z,klient752,DE,shipped,370.97,PLN,
100307,2026-01-01T11:40:59.000Z,klient47,GB,delivered,193.91,EUR,Zamówienie 307
100308,2026-01-01T11:43:16.000Z,klient728,US,pending,115.63,USD,Zamówienie 308
100309,2026-01-01T11:45:33.000Z,klient330,FR,paid,633.27,PLN,Zamówienie 309
100310,2026-01-01T11:47:50.000Z,klient609,PL,shipped,328.56,EUR,Zamówienie 310
100311,2026-01-01T11:50:07.000Z,klient458,DE,delivered,623.95,USD,Zamówienie 311
100312,2026-01-01T11:52:24.000Z,klient628,GB,pending,531.52,PLN,
100313,2026-01-01T11:54:41.000Z,klient259,US,paid,148.48,EUR,Zamówienie 313
100314,2026-01-01T11:56:58.000Z,klient853,FR,shipped,661.90,USD,Zamówienie 314
100315,2026-01-01T11:59:15.000Z,klient332,PL,delivered,396.07,PLN,Zamówienie 315
100316,2026-01-01T12:01:32.000Z,klient558,DE,pending,666.86,EUR,Zamówienie 316
100317,2026-01-01T12:03:49.000Z,klient87,GB,paid,44.21,USD,Zamówienie 317
100318,2026-01-01T12:06:06.000Z,klient235,US,shipped,710.33,PLN,
100319,2026-01-01T12:08:23.000Z,klient744,FR,delivered,773.87,EUR,Zamówienie 319
100320,2026-01-01T12:10:40.000Z,klient709,PL,pending,364.27,USD,Zamówienie 320
100321,2026-01-01T12:12:57.000Z,klient295,DE,paid,298.49,PLN,Zamówienie 321
100322,2026-01-01T12:15:14.000Z,klient83,GB,shipped,379.71,EUR,Zamówienie 322
100323,2026-01-01T12:17:31.000Z,klient175,US,delivered,91.04,USD,Zamówienie 323
100324,2026-01-01T12:19:48.000Z,klient300,FR,pending,425.39,PLN,
100325,2026-01-01T12:22:05.000Z,klient233,PL,paid,506.93,EUR,Zamówienie 325
100326,2026-01-01T12:24:22.000Z,klient851,DE,shipped,798.55,USD,Zamówienie 326
100327,2026-01-01T12:26:39.000Z,klient68,GB,delivered,740.72,PLN,Zamówienie 327
100328,2026-01-01T12:28:56.000Z,klient752,US,pending,566.86,EUR,Zamówienie 328
100329,2026-01-01T12:31:13.000Z,klient787,FR,paid,359.48,USD,Zamówienie 329
100330,2026-01-01T12:33:30.000Z,klient707,PL,shipped,733.79,PLN,
100331,2026-01-01T12:35:47.000Z,klient746,DE,delivered,271.93,EUR,Zamówienie 331
100332,2026-01-01T12:38:04.000Z,klient121,GB,pending,325.70,USD,Zamówienie 332
100333,2026-01-01T12:40:21.000Z,klient53,US,paid,18.73,PLN,Zamówienie 333
100334,2026-01-01T12:42:38.000Z,klient702,FR,shipped,66.63,EUR,Zamówienie 334
100335,2026-01-01T12:44:55.000Z,klient194,PL,delivered,344.32,USD,Zamówienie 335
100336,2026-01-01T12:47:12.000Z,klient215,DE,pending,747.60,PLN,
100337,2026-01-01T12:49:29.000Z,klient636,GB,paid,283.28,EUR,Zamówienie 337
100338,2026-01-01T12:51:46.000Z,klient883,US,shipped,256.35,USD,Zamówienie 338
100339,2026-01-01T12:54:03.000Z,klient227,FR,delivered,473.77,PLN,Zamówienie 339
100340,2026-01-01T12:56:20.000Z,klient451,PL,pending,763.21,EUR,Zamówienie 340
100341,2026-01-01T12:58:37.000Z,klient731,DE,paid,35.35,USD,Zamówienie 341
100342,2026-01-01T13:00:54.000Z,klient781,GB,shipped,762.63,PLN,
100343,2026-01-01T13:03:11.000Z,klient717,US,delivered,8.64,EUR,Zamówienie 343
100344,2026-01-01T13:05:28.000Z,klient416,FR,pending,177.70,USD,Zamówienie 344
100345,2026-01-01T13:07:45.000Z,klient459,PL,paid,46.12,PLN,Zamówienie 345
100346,2026-01-01T13:10:02.000Z,klient142,DE,shipped,667.22,EUR,Zamówienie 346
100347,2026-01-01T13:12:19.000Z,klient122,GB,delivered,116.30,USD,Zamówienie 347
100348,2026-01-01T13:14:36.000Z,klient502,US,pending,709.46,PLN,
100349,2026-01-01T13:16:53.000Z,klient398,FR,paid,704.26,EUR,Zamówienie 349
100350,2026-01-01T13:19:10.000Z,klient833,PL,shipped,276.56,USD,Zamówienie 350
100351,2026-01-01T13:21:27.000Z,klient3,DE,delivered,28.67,PLN,Zamówienie 351
100352,2026-01-01T13:23:44.000Z,klient416,GB,pending,763.55,EUR,Zamówienie 352
100353,2026-01-01T13:26:01.000Z,klient779,US,paid,380.41,USD,Zamówienie 353
100354,2026-01-01T13:28:18.000Z,klient461,FR,shipped,568.01,PLN,
100355,2026-01-01T13:30:35.000Z,klient690,PL,delivered,317.64,EUR,Zamówienie 355
100356,2026-01-01T13:32:52.000Z,klient64,DE,pending,536.72,USD,Zamówienie 356
100357,2026-01-01T13:35:09.000Z,klient146,GB,paid,113.37,PLN,Zamówienie 357
100358,2026-01-01T13:37:26.000Z,klient440,US,shipped,449.12,EUR,Zamówienie 358
100359,2026-01-01T13:39:43.000Z,klient5,FR,delivered,200.28,USD,Zamówienie 359
100360,2026-01-01T13:42:00.000Z,klient888,PL,pending,461.59,PLN,
100361,2026-01-01T13:44:17.000Z,klient706,DE,paid,705.06,EUR,Zamówienie 361
100362,2026-01-01T13:46:34.000Z,klient607,GB,shipped,339.55,USD,Zamówienie 362
100363,2026-01-01T13:48:51.000Z,klient764,US,delivered,367.90,PLN,Zamówienie 363
100364,2026-01-01T13:51:08.000Z,klient691,FR,pending,319.41,EUR,Zamówienie 364
100365,2026-01-01T13:53:25.000Z,klient77,PL,paid,660.68,USD,Zamówienie 365
100366,2026-01-01T13:55:42.000Z,klient131,DE,shipped,102.42,PLN,
100367,2026-01-01T13:57:59.000Z,klient188,GB,delivered,185.97,EUR,Zamówienie 367
100368,2026-01-01T14:00:16.000Z,klient726,US,pending,14.79,USD,Zamówienie 368
100369,2026-01-01T14:02:33.000Z,klient487,FR,paid,275.81,PLN,Zamówienie 369
100370,2026-01-01T14:04:50.000Z,klient504,PL,shipped,89.16,EUR,Zamówienie 370
100371,2026-01-01T14:07:07.000Z,klient73,DE,delivered,33.68,USD,"Uwaga: ""pilne"", sprawdzić"
100372,2026-01-01T14:09:24.000Z,klient662,GB,pending,213.59,PLN,
100373,2026-01-01T14:11:41.000Z,klient247,US,paid,531.93,EUR,Zamówienie 373
100374,2026-01-01T14:13:58.000Z,klient516,FR,shipped,220.74,USD,Zamówienie 374
100375,2026-01-01T14:16:15.000Z,klient421,PL,delivered,312.49,PLN,Zamówienie 375
100376,2026-01-01T14:18:32.000Z,klient157,DE,pending,733.67,EUR,Zamówienie 376
100377,2026-01-01T14:20:49.000Z,klient271,GB,paid,615.21,USD,Zamówienie 377
100378,2026-01-01T14:23:06.000Z,klient423,US,shipped,529.24,PLN,
100379,2026-01-01T14:25:23.000Z,klient781,FR,delivered,699.04,EUR,Zamówienie 379
100380,2026-01-01T14:27:40.000Z,klient283,PL,pending,607.47,USD,Zamówienie 380
100381,2026-01-01T14:29:57.000Z,klient521,DE,paid,530.17,PLN,Zamówienie 381
100382,2026-01-01T14:32:14.000Z,klient895,GB,shipped,636.65,EUR,Zamówienie 382
100383,2026-01-01T14:34:31.000Z,klient563,US,delivered,298.89,USD,Zamówienie 383
100384,2026-01-01T14:36:48.000Z,klient1,FR,pending,654.39,PLN,
100385,2026-01-01T14:39:05.000Z,klient798,PL,paid,654.86,EUR,Zamówienie 385
100386,2026-01-01T14:41:22.000Z,klient244,DE,shipped,474.27,USD,Zamówienie 386
100387,2026-01-01T14:43:39.000Z,klient451,GB,delivered,207.66,PLN,Zamówienie 387
100388,2026-01-01T14:45:56.000Z,klient322,US,pending,331.23,EUR,Zamówienie 388
100389,2026-01-01T14:48:13.000Z,klient848,FR,paid,740.09,USD,Zamówienie 389
100390,2026-01-01T14:50:30.000Z,klient494,PL,shipped,598.43,PLN,
100391,2026-01-01T14:52:47.000Z,klient333,DE,delivered,450.10,EUR,Zamówienie 391
100392,2026-01-01T14:55:04.000Z,klient80,GB,pending,141.52,USD,Zamówienie 392
100393,2026-01-01T14:57:21.000Z,klient611,US,paid,278.98,PLN,Zamówienie 393
100394,2026-01-01T14:59:38.000Z,klient504,FR,shipped,580.00,EUR,Zamówienie 394
100395,2026-01-01T15:01:55.000Z,klient171,PL,delivered,584.02,USD,Zamówienie 395
100396,2026-01-01T15:04:12.000Z,klient28,DE,pending,776.89,PLN,
100397,2026-01-01T15:06:29.000Z,klient474,GB,paid,301.41,EUR,Zamówienie 397
100398,2026-01-01T15:08:46.000Z,klient525,US,shipped,596.56,USD,Zamówienie 398
100399,2026-01-01T15:11:03.000Z,klient351,FR,delivered,536.92,PLN,Zamówienie 399
100400,2026-01-01T15:13:20.000Z,klient404,PL,pending,158.18,EUR,Zamówienie 400
100401,2026-01-01T15:15:37.000Z,klient321,DE,paid,353.95,USD,Zamówienie 401
100402,2026-01-01T15:17:54.000Z,klient104,GB,shipped,158.46,PLN,
100403,2026-01-01T15:20:11.000Z,klient533,US,delivered,565.51,EUR,Zamówienie 403
100404,2026-01-01T15:22:28.000Z,klient302,FR,pending,70.96,USD,Zamówienie 404
100405,2026-01-01T15:24:45.000Z,klient693,PL,paid,753.49,PLN,Zamówienie 405
100406,2026-01-01T15:27:02.000Z,klient130,DE,shipped,454.35,EUR,Zamówienie 406
100407,2026-01-01T15:29:19.000Z,klient126,GB,delivered,600.60,USD,Zamówienie 407
100408,2026-01-01T15:31:36.000Z,klient151,US,pending,670.43,PLN,
100409,2026-01-01T15:33:53.000Z,klient341,FR,paid,794.64,EUR,Zamówienie 409
100410,2026-01-01T15:36:10.000Z,klient420,PL,shipped,470.05,USD,Zamówienie 410
100411,2026-01-01T15:38:27.000Z,klient287,DE,delivered,395.70,PLN,Zamówienie 411
100412,2026-01-01T15:40:44.000Z,klient576,GB,pending,439.70,EUR,Zamówienie 412
100413,2026-01-01T15:43:01.000Z,klient798,US,paid,104.14,USD,Zamówienie 413
100414,2026-01-01T15:45:18.000Z,klient116,FR,shipped,284.44,PLN,
100415,2026-01-01T15:47:35.000Z,klient115,PL,delivered,59.07,EUR,Zamówienie 415
100416,2026-01-01T15:49:52.000Z,klient349,DE,pending,1.97,USD,Zamówienie 416
100417,2026-01-01T15:52:09.000Z,klient529,GB,paid,756.00,PLN,Zamówienie 417
100418,2026-01-01T15:54:26.000Z,klient548,US,shipped,786.98,EUR,Zamówienie 418
100419,2026-01-01T15:56:43.000Z,klient47,FR,delivered,524.51,USD,Zamówienie 419
100420,2026-01-01T15:59:00.000Z,klient257,PL,pending,709.21,PLN,
100421,2026-01-01T16:01:17.000Z,klient660,DE,paid,42.20,EUR,Zamówienie 421
100422,2026-01-01T16:03:34.000Z,klient148,GB,shipped,793.14,USD,Zamówienie 422
100423,2026-01-01T16:05:51.000Z,klient682,US,delivered,581.26,PLN,Zamówienie 423
100424,2026-01-01T16:08:08.000Z,klient716,FR,pending,342.60,EUR,"Uwaga: ""pilne"", sprawdzić"
100425,2026-01-01T16:10:25.000Z,klient831,PL,paid,524.44,USD,Zamówienie 425
100426,2026-01-01T16:12:42.000Z,klient387,DE,shipped,477.25,PLN,
100427,2026-01-01T16:14:59.000Z,klient666,GB,delivered,514.02,EUR,Zamówienie 427
100428,2026-01-01T16:17:16.000Z,klient103,US,pending,757.56,USD,Zamówienie 428
100429,2026-01-01T16:19:33.000Z,klient785,FR,paid,729.28,PLN,Zamówienie 429
100430,2026-01-01T16:21:50.000Z,klient251,PL,shipped,550.43,EUR,Zamówienie 430
100431,2026-01-01T16:24:07.000Z,klient821,DE,delivered,358.50,USD,Zamówienie 431
100432,2026-01-01T16:26:24.000Z,klient418,GB,pending,344.36,PLN,
100433,2026-01-01T16:28:41.000Z,klient436,US,paid,482.53,EUR,Zamówienie 433
100434,2026-01-01T16:30:58.000Z,klient315,FR,shipped,412.66,USD,Zamówienie 434
100435,2026-01-01T16:33:15.000Z,klient836,PL,delivered,129.30,PLN,Zamówienie 435
100436,2026-01-01T16:35:32.000Z,klient509,DE,pending,58.92,EUR,Zamówienie 436
100437,2026-01-01T16:37:49.000Z,klient332,GB,paid,428.14,USD,Zamówienie 437
100438,2026-01-01T16:40:06.000Z,klient494,US,shipped,780.99,PLN,
100439,2026-01-01T16:42:23.000Z,klient695,FR,delivered,614.77,EUR,Zamówienie 439
100440,2026-01-01T16:44:40.000Z,klient622,PL,pending,361.78,USD,Zamówienie 440
100441,2026-01-01T16:46:57.000Z,klient699,DE,paid,709.30,PLN,Zamówienie 441
100442,2026-01-01T16:49:14.000Z,klient428,GB,shipped,128.18,EUR,Zamówienie 442
100443,2026-01-01T16:51:31.000Z,klient249,US,delivered,701.51,USD,Zamówienie 443
100444,2026-01-01T16:53:48.000Z,klient506,FR,pending,613.37,PLN,
100445,2026-01-01T16:56:05.000Z,klient858,PL,paid,375.19,EUR,Zamówienie 445
100446,2026-01-01T16:58:22.000Z,klient290,DE,shipped,352.02,USD,Zamówienie 446
100447,2026-01-01T17:00:39.000Z,klient552,GB,delivered,3.85,PLN,Zamówienie 447
100448,2026-01-01T17:02:56.000Z,klient431,US,pending,498.64,EUR,Zamówienie 448
100449,2026-01-01T17:05:13.000Z,klient153,FR,paid,238.47,USD,Zamówienie 449
100450,2026-01-01T17:07:30.000Z,klient506,PL,shipped,68.48,PLN,
100451,2026-01-01T17:09:47.000Z,klient493,DE,delivered,437.39,EUR,Zamówienie 451
100452,2026-01-01T17:12:04.000Z,klient122,GB,pending,141.49,USD,Zamówienie 452
100453,2026-01-01T17:14:21.000Z,klient544,US,paid,591.69,PLN,Zamówienie 453
100454,2026-01-01T17:16:38.000Z,klient233,FR,shipped,335.55,EUR,Zamówienie 454
100455,2026-01-01T17:18:55.000Z,klient644,PL,delivered,78.97,USD,Zamówienie 455
100456,2026-01-01T17:21:12.000Z,klient337,DE,pending,214.86,PLN,
100457,2026-01-01T17:23:29.000Z,klient624,GB,paid,706.91,EUR,Zamówienie 457
100458,2026-01-01T17:25:46.000Z,klient480,US,shipped,410.59,USD,Zamówienie 458
100459,2026-01-01T17:28:03.000Z,klient164,FR,delivered,434.66,PLN,Zamówienie 459
100460,2026-01-01T17:30:20.000Z,klient720,PL,pending,250.15,EUR,Zamówienie 460
100461,2026-01-01T17:32:37.000Z,klient861,DE,paid,461.19,USD,Zamówienie 461
100462,2026-01-01T17:34:54.000Z,klient238,GB,shipped,440.31,PLN,
100463,2026-01-01T17:37:11.000Z,klient803,US,delivered,737.49,EUR,Zamówienie 463
100464,2026-01-01T17:39:28.000Z,klient898,FR,pending,609.58,USD,Zamówienie 464
100465,2026-01-01T17:41:45.000Z,klient92,PL,paid,308.69,PLN,Zamówienie 465
100466,2026-01-01T17:44:02.000Z,klient667,DE,shipped,635.88,EUR,Zamówienie 466
100467,2026-01-01T17:46:19.000Z,klient189,GB,delivered,37.07,USD,Zamówienie 467
100468,2026-01-01T17:48:36.000Z,klient728,US,pending,222.44,PLN,
100469,2026-01-01T17:50:53.000Z,klient152,FR,paid,418.86,EUR,Zamówienie 469
100470,2026-01-01T17:53:10.000Z,klient117,PL,shipped,683.32,USD,Zamówienie 470
100471,2026-01-01T17:55:27.000Z,klient280,DE,delivered,472.11,PLN,Zamówienie 471
100472,2026-01-01T17:57:44.000Z,klient722,GB,pending,547.85,EUR,Zamówienie 472
100473,2026-01-01T18:00:01.000Z,klient659,US,paid,182.24,USD,Zamówienie 473
100474,2026-01-01T18:02:18.000Z,klient371,FR,shipped,659.23,PLN,
100475,2026-01-01T18:04:35.000Z,klient799,PL,delivered,242.08,EUR,Zamówienie 475
100476,2026-01-01T18:06:52.000Z,klient312,DE,pending,525.14,USD,Zamówienie 476
100477,2026-01-01T18:09:09.000Z,klient51,GB,paid,464.56,PLN,"Uwaga: ""pilne"", sprawdzić"
100478,2026-01-01T18:11:26.000Z,klient823,US,shipped,267.50,EUR,Zamówienie 478
100479,2026-01-01T18:13:43.000Z,klient518,FR,delivered,196.38,USD,Zamówienie 479
100480,2026-01-01T18:16:00.000Z,klient682,PL,pending,210.33,PLN,
100481,2026-01-01T18:18:17.000Z,klient167,DE,paid,127.02,EUR,Zamówienie 481
100482,2026-01-01T18:20:34.000Z,klient287,GB,shipped,549.72,USD,Zamówienie 482
100483,2026-01-01T18:22:51.000Z,klient472,US,delivered,417.71,PLN,Zamówienie 483
100484,2026-01-01T18:25:08.000Z,klient194,FR,pending,597.46,EUR,Zamówienie 484
100485,2026-01-01T18:27:25.000Z,klient727,PL,paid,356.51,USD,Zamówienie 485
100486,2026-01-01T18:29:42.000Z,klient181,DE,shipped,268.00,PLN,
100487,2026-01-01T18:31:59.000Z,klient475,GB,delivered,570.79,EUR,Zamówienie 487
100488,2026-01-01T18:34:16.000Z,klient107,US,pending,447.42,USD,Zamówienie 488
100489,2026-01-01T18:36:33.000Z,klient869,FR,paid,413.25,PLN,Zamówienie 489
100490,2026-01-01T18:38:50.000Z,klient527,PL,shipped,747.41,EUR,Zamówienie 490
100491,2026-01-01T18:41:07.000Z,klient544,DE,delivered,714.00,USD,Zamówienie 491
100492,2026-01-01T18:43:24.000Z,klient688,GB,pending,83.15,PLN,
100493,2026-01-01T18:45:41.000Z,klient18,US,paid,736.67,EUR,Zamówienie 493
100494,2026-01-01T18:47:58.000Z,klient591,FR,shipped,233.48,USD,Zamówienie 494
100495,2026-01-01T18:50:15.000Z,klient882,PL,delivered,114.66,PLN,Zamówienie 495
100496,2026-01-01T18:52:32.000Z,klient868,DE,pending,731.47,EUR,Zamówienie 496
100497,2026-01-01T18:54:49.000Z,klient858,GB,paid,118.26,USD,Zamówienie 497
100498,2026-01-01T18:57:06.000Z,klient81,US,shipped,348.07,PLN,
100499,2026-01-01T18:59:23.000Z,klient676,FR,delivered,417.77,EUR,Zamówienie 499
100500,2026-01-01T19:01:40.000Z,klient500,PL,pending,387.19,USD,Zamówienie 500
100501,2026-01-01T19:03:57.000Z,klient472,DE,paid,518.74,PLN,Zamówienie 501
100502,2026-01-01T19:06:14.000Z,klient664,GB,shipped,595.50,EUR,Zamówienie 502
100503,2026-01-01T19:08:31.000Z,klient665,US,delivered,429.67,USD,Zamówienie 503
100504,2026-01-01T19:10:48.000Z,klient368,FR,pending,244.09,PLN,
100505,2026-01-01T19:13:05.000Z,klient882,PL,paid,410.38,EUR,Zamówienie 505
100506,2026-01-01T19:15:22.000Z,klient104,DE,shipped,681.84,USD,Zamówienie 506
100507,2026-01-01T19:17:39.000Z,klient884,GB,delivered,218.66,PLN,Zamówienie 507
100508,2026-01-01T19:19:56.000Z,klient338,US,pending,62.25,EUR,Zamówienie 508
100509,2026-01-01T19:22:13.000Z,klient456,FR,paid,367.85,USD,Zamówienie 509
100510,2026-01-01T19:24:30.000Z,klient185,PL,shipped,510.67,PLN,
100511,2026-01-01T19:26:47.000Z,klient366,DE,delivered,786.34,EUR,Zamówienie 511
100512,2026-01-01T19:29:04.000Z,klient409,GB,pending,534.68,USD,Zamówienie 512
100513,2026-01-01T19:31:21.000Z,klient835,US,paid,66.92,PLN,Zamówienie 513
100514,2026-01-01T19:33:38.000Z,klient460,FR,shipped,242.51,EUR,Zamówienie 514
100515,2026-01-01T19:35:55.000Z,klient45,PL,delivered,720.86,USD,Zamówienie 515
100516,2026-01-01T19:38:12.000Z,klient69,DE,pending,565.71,PLN,
100517,2026-01-01T19:40:29.000Z,klient163,GB,paid,495.94,EUR,Zamówienie 517
100518,2026-01-01T19:42:46.000Z,klient52,US,shipped,756.49,USD,Zamówienie 518
100519,2026-01-01T19:45:03.000Z,klient360,FR,delivered,160.10,PLN,Zamówienie 519
100520,2026-01-01T19:47:20.000Z,klient279,PL,pending,469.90,EUR,Zamówienie 520
100521,2026-01-01T19:49:37.000Z,klient215,DE,paid,158.87,USD,Zamówienie 521
100522,2026-01-01T19:51:54.000Z,klient19,GB,shipped,97.07,PLN,
100523,2026-01-01T19:54:11.000Z,klient696,US,delivered,693.30,EUR,Zamówienie 523
100524,2026-01-01T19:56:28.000Z,klient301,FR,pending,696.38,USD,Zamówienie 524
100525,2026-01-01T19:58:45.000Z,klient788,PL,paid,583.14,PLN,Zamówienie 525
100526,2026-01-01T20:01:02.000Z,klient210,DE,shipped,511.20,EUR,Zamówienie 526
100527,2026-01-01T20:03:19.000Z,klient11,GB,delivered,71.87,USD,Zamówienie 527
100528,2026-01-01T20:05:36.000Z,klient474,US,pending,215.38,PLN,
100529,2026-01-01T20:07:53.000Z,klient187,FR,paid,233.03,EUR,Zamówienie 529
100530,2026-01-01T20:10:10.000Z,klient701,PL,shipped,180.17,USD,"Uwaga: ""pilne"", sprawdzić"
100531,2026-01-01T20:12:27.000Z,klient688,DE,delivered,155.38,PLN,Zamówienie 531
100532,2026-01-01T20:14:44.000Z,klient542,GB,pending,259.61,EUR,Zamówienie 532
100533,2026-01-01T20:17:01.000Z,klient656,US,paid,446.64,USD,Zamówienie 533
100534,2026-01-01T20:19:18.000Z,klient761,FR,shipped,172.48,PLN,
100535,2026-01-01T20:21:35.000Z,klient387,PL,delivered,352.36,EUR,Zamówienie 535
100536,2026-01-01T20:23:52.000Z,klient177,DE,pending,697.07,USD,Zamówienie 536
100537,2026-01-01T20:26:09.000Z,klient579,GB,paid,597.01,PLN,Zamówienie 537
100538,2026-01-01T20:28:26.000Z,klient490,US,shipped,22.47,EUR,Zamówienie 538
100539,2026-01-01T20:30:43.000Z,klient871,FR,delivered,602.76,USD,Zamówienie 539
100540,2026-01-01T20:33:00.000Z,klient273,PL,pending,502.80,PLN,
100541,2026-01-01T20:35:17.000Z,klient712,DE,paid,255.41,EUR,Zamówienie 541
100542,2026-01-01T20:37:34.000Z,klient257,GB,shipped,144.82,USD,Zamówienie 542
100543,2026-01-01T20:39:51.000Z,klient434,US,delivered,732.73,PLN,Zamówienie 543
100544,2026-01-01T20:42:08.000Z,klient801,FR,pending,170.76,EUR,Zamówienie 544
100545,2026-01-01T20:44:25.000Z,klient502,PL,paid,493.09,USD,Zamówienie 545
100546,2026-01-01T20:46:42.000Z,klient405,DE,shipped,284.02,PLN,
100547,2026-01-01T20:48:59.000Z,klient287,GB,delivered,668.08,EUR,Zamówienie 547
100548,2026-01-01T20:51:16.000Z,klient524,US,pending,730.68,USD,Zamówienie 548
100549,2026-01-01T20:53:33.000Z,klient644,FR,paid,418.19,PLN,Zamówienie 549
100550,2026-01-01T20:55:50.000Z,klient551,PL,shipped,102.69,EUR,Zamówienie 550
100551,2026-01-01T20:58:07.000Z,klient657,DE,delivered,639.32,USD,Zamówienie 551
100552,2026-01-01T21:00:24.000Z,klient865,GB,pending,633.03,PLN,
100553,2026-01-01T21:02:41.000Z,klient673,US,paid,469.35,EUR,Zamówienie 553
100554,2026-01-01T21:04:58.000Z,klient145,FR,shipped,787.27,USD,Zamówienie 554
100555,2026-01-01T21:07:15.000Z,klient560,PL,delivered,389.54,PLN,Zamówienie 555
100556,2026-01-01T21:09:32.000Z,klient672,DE,pending,122.01,EUR,Zamówienie 556
100557,2026-01-01T21:11:49.000Z,klient167,GB,paid,267.89,USD,Zamówienie 557
100558,2026-01-01T21:14:06.000Z,klient213,US,shipped,481.69,PLN,
100559,2026-01-01T21:16:23.000Z,klient646,FR,delivered,533.68,EUR,Zamówienie 559
100560,2026-01-01T21:18:40.000Z,klient600,PL,pending,386.61,USD,Zamówienie 560
100561,2026-01-01T21:20:57.000Z,klient408,DE,paid,12.73,PLN,Zamówienie 561
100562,2026-01-01T21:23:14.000Z,klient219,GB,shipped,125.80,EUR,Zamówienie 562
100563,2026-01-01T21:25:31.000Z,klient12,US,delivered,115.68,USD,Zamówienie 563
100564,2026-01-01T21:27:48.000Z,klient502,FR,pending,166.66,PLN,
100565,2026-01-01T21:30:05.000Z,klient104,PL,paid,412.04,EUR,Zamówienie 565
100566,2026-01-01T21:32:22.000Z,klient510,DE,shipped,428.87,USD,Zamówienie 566
100567,2026-01-01T21:34:39.000Z,klient236,GB,delivered,226.78,PLN,Zamówienie 567
100568,2026-01-01T21:36:56.000Z,klient163,US,pending,637.18,EUR,Zamówienie 568
100569,2026-01-01T21:39:13.000Z,klient299,FR,paid,270.01,USD,Zamówienie 569
100570,2026-01-01T21:41:30.000Z,klient23,PL,shipped,321.00,PLN,
100571,2026-01-01T21:43:47.000Z,klient378,DE,delivered,691.11,EUR,Zamówienie 571
100572,2026-01-01T21:46:04.000Z,klient790,GB,pending,743.36,USD,Zamówienie 572
100573,2026-01-01T21:48:21.000Z,klient469,US,paid,476.38,PLN,Zamówienie 573
100574,2026-01-01T21:50:38.000Z,klient358,FR,shipped,632.90,EUR,Zamówienie 574
100575,2026-01-01T21:52:55.000Z,klient191,PL,delivered,326.97,USD,Zamówienie 575
100576,2026-01-01T21:55:12.000Z,klient542,DE,pending,47.03,PLN,
100577,2026-01-01T21:57:29.000Z,klient638,GB,paid,487.54,EUR,Zamówienie 577
100578,2026-01-01T21:59:46.000Z,klient563,US,shipped,172.46,USD,Zamówienie 578
100579,2026-01-01T22:02:03.000Z,klient12,FR,delivered,181.12,PLN,Zamówienie 579
100580,2026-01-01T22:04:20.000Z,klient428,PL,pending,112.37,EUR,Zamówienie 580
100581,2026-01-01T22:06:37.000Z,klient738,DE,paid,469.23,USD,Zamówienie 581
100582,2026-01-01T22:08:54.000Z,klient248,GB,shipped,49.75,PLN,
100583,2026-01-01T22:11:11.000Z,klient94,US,delivered,127.03,EUR,"Uwaga: ""pilne"", sprawdzić"
100584,2026-01-01T22:13:28.000Z,klient111,FR,pending,576.27,USD,Zamówienie 584
100585,2026-01-01T22:15:45.000Z,klient662,PL,paid,729.26,PLN,Zamówienie 585
100586,2026-01-01T22:18:02.000Z,klient129,DE,shipped,97.85,EUR,Zamówienie 586
100587,2026-01-01T22:20:19.000Z,klient401,GB,delivered,38.62,USD,Zamówienie 587
100588,2026-01-01T22:22:36.000Z,klient693,US,pending,356.11,PLN,
100589,2026-01-01T22:24:53.000Z,klient397,FR,paid,607.78,EUR,Zamówienie 589
100590,2026-01-01T22:27:10.000Z,klient143,PL,shipped,313.03,USD,Zamówienie 590
100591,2026-01-01T22:29:27.000Z,klient435,DE,delivered,211.72,PLN,Zamówienie 591
100592,2026-01-01T22:31:44.000Z,klient691,GB,pending,335.76,EUR,Zamówienie 592
100593,2026-01-01T22:34:01.000Z,klient649,US,paid,519.66,USD,Zamówienie 593
100594,2026-01-01T22:36:18.000Z,klient398,FR,shipped,29.43,PLN,
100595,2026-01-01T22:38:35.000Z,klient232,PL,delivered,576.49,EUR,Zamówienie 595
100596,2026-01-01T22:40:52.000Z,klient446,DE,pending,365.82,USD,Zamówienie 596
100597,2026-01-01T22:43:09.000Z,klient645,GB,paid,559.35,PLN,Zamówienie 597
100598,2026-01-01T22:45:26.000Z,klient149,US,shipped,460.21,EUR,Zamówienie 598
100599,2026-01-01T22:47:43.000Z,klient647,FR,delivered,167.94,USD,Zamówienie 599
100600,2026-01-01T22:50:00.000Z,klient601,PL,pending,113.63,PLN,
100601,2026-01-01T22:52:17.000Z,klient481,DE,paid,747.33,EUR,Zamówienie 601
100602,2026-01-01T22:54:34.000Z,klient651,GB,shipped,133.34,USD,Zamówienie 602
100603,2026-01-01T22:56:51.000Z,klient584,US,delivered,249.16,PLN,Zamówienie 603
100604,2026-01-01T22:59:08.000Z,klient649,FR,pending,504.80,EUR,Zamówienie 604
100605,2026-01-01T23:01:25.000Z,klient404,PL,paid,514.62,USD,Zamówienie 605
100606,2026-01-01T23:03:42.000Z,klient62,DE,shipped,344.68,PLN,
100607,2026-01-01T23:05:59.000Z,klient323,GB,delivered,150.77,EUR,Zamówienie 607
100608,2026-01-01T23:08:16.000Z,klient482,US,pending,146.95,USD,Zamówienie 608
100609,2026-01-01T23:10:33.000Z,klient13,FR,paid,758.35,PLN,Zamówienie 609
100610,2026-01-01T23:12:50.000Z,klient777,PL,shipped,148.52,EUR,Zamówienie 610
100611,2026-01-01T23:15:07.000Z,klient663,DE,delivered,597.40,USD,Zamówienie 611
100612,2026-01-01T23:17:24.000Z,klient134,GB,pending,221.87,PLN,
100613,2026-01-01T23:19:41.000Z,klient492,US,paid,248.21,EUR,Zamówienie 613
100614,2026-01-01T23:21:58.000Z,klient812,FR,shipped,744.33,USD,Zamówienie 614
100615,2026-01-01T23:24:15.000Z,klient40,PL,delivered,345.42,PLN,Zamówienie 615
100616,2026-01-01T23:26:32.000Z,klient326,DE,pending,228.59,EUR,Zamówienie 616
100617,2026-01-01T23:28:49.000Z,klient665,GB,paid,97.15,USD,Zamówienie 617
100618,2026-01-01T23:31:06.000Z,klient432,US,shipped,751.15,PLN,
100619,2026-01-01T23:33:23.000Z,klient9,FR,delivered,100.59,EUR,Zamówienie 619
100620,2026-01-01T23:35:40.000Z,klient484,PL,pending,302.42,USD,Zamówienie 620
100621,2026-01-01T23:37:57.000Z,klient262,DE,paid,629.26,PLN,Zamówienie 621
100622,2026-01-01T23:40:14.000Z,klient429,GB,shipped,194.88,EUR,Zamówienie 622
100623,2026-01-01T23:42:31.000Z,klient776,US,delivered,136.56,USD,Zamówienie 623
100624,2026-01-01T23:44:48.000Z,klient321,FR,pending,191.74,PLN,
100625,2026-01-01T23:47:05.000Z,klient194,PL,paid,598.34,EUR,Zamówienie 625
100626,2026-01-01T23:49:22.000Z,klient258,DE,shipped,737.24,USD,Zamówienie 626
100627,2026-01-01T23:51:39.000Z,klient815,GB,delivered,725.99,PLN,Zamówienie 627
100628,2026-01-01T23:53:56.000Z,klient407,US,pending,187.03,EUR,Zamówienie 628
100629,2026-01-01T23:56:13.000Z,klient565,FR,paid,255.30,USD,Zamówienie 629
100630,2026-01-01T23:58:30.000Z,klient458,PL,shipped,784.02,PLN,
100631,2026-01-02T00:00:47.000Z,klient101,DE,delivered,462.88,EUR,Zamówienie 631
100632,2026-01-02T00:03:04.000Z,klient790,GB,pending,74.06,USD,Zamówienie 632
100633,2026-01-02T00:05:21.000Z,klient505,US,paid,238.08,PLN,Zamówienie 633
100634,2026-01-02T00:07:38.000Z,klient125,FR,shipped,459.69,EUR,Zamówienie 634
100635,2026-01-02T00:09:55.000Z,klient746,PL,delivered,327.74,USD,Zamówienie 635
100636,2026-01-02T00:12:12.000Z,klient600,DE,pending,785.96,PLN,
100637,2026-01-02T00:14:29.000Z,klient443,GB,paid,74.94,EUR,Zamówienie 637
100638,2026-01-02T00:16:46.000Z,klient650,US,shipped,372.67,USD,Zamówienie 638
100639,2026-01-02T00:19:03.000Z,klient751,FR,delivered,764.12,PLN,Zamówienie 639
100640,2026-01-02T00:21:20.000Z,klient260,PL,pending,709.26,EUR,Zamówienie 640
100641,2026-01-02T00:23:37.000Z,klient508,DE,paid,568.69,USD,Zamówienie 641
100642,2026-01-02T00:25:54.000Z,klient894,GB,shipped,253.15,PLN,
100643,2026-01-02T00:28:11.000Z,klient47,US,delivered,547.71,EUR,Zamówienie 643
100644,2026-01-02T00:30:28.000Z,klient699,FR,pending,282.16,USD,Zamówienie 644
100645,2026-01-02T00:32:45.000Z,klient892,PL,paid,163.87,PLN,Zamówienie 645
100646,2026-01-02T00:35:02.000Z,klient35,DE,shipped,39.74,EUR,Zamówienie 646
100647,2026-01-02T00:37:19.000Z,klient147,GB,delivered,569.81,USD,Zamówienie 647
100648,2026-01-02T00:39:36.000Z,klient298,US,pending,471.79,PLN,
100649,2026-01-02T00:41:53.000Z,klient131,FR,paid,602.71,EUR,Zamówienie 649
100650,2026-01-02T00:44:10.000Z,klient740,PL,shipped,80.90,USD,Zamówienie 650
100651,2026-01-02T00:46:27.000Z,klient125,DE,delivered,597.09,PLN,Zamówienie 651
100652,2026-01-02T00:48:44.000Z,klient414,GB,pending,493.45,EUR,Zamówienie 652
100653,2026-01-02T00:51:01.000Z,klient157,US,paid,740.12,USD,Zamówienie 653
100654,2026-01-02T00:53:18.000Z,klient756,FR,shipped,71.04,PLN,
100655,2026-01-02T00:55:35.000Z,klient681,PL,delivered,606.32,EUR,Zamówienie 655
100656,2026-01-02T00:57:52.000Z,klient4,DE,pending,740.17,USD,Zamówienie 656
100657,2026-01-02T01:00:09.000Z,klient668,GB,paid,347.71,PLN,Zamówienie 657
100658,2026-01-02T01:02:26.000Z,klient24,US,shipped,172.18,EUR,Zamówienie 658
100659,2026-01-02T01:04:43.000Z,klient259,FR,delivered,174.12,USD,Zamówienie 659
100660,2026-01-02T01:07:00.000Z,klient472,PL,pending,331.99,PLN,
100661,2026-01-02T01:09:17.000Z,klient492,DE,paid,479.53,EUR,Zamówienie 661
100662,2026-01-02T01:11:34.000Z,klient282,GB,shipped,415.22,USD,Zamówienie 662
100663,2026-01-02T01:13:51.000Z,klient517,US,delivered,707.50,PLN,Zamówienie 663
100664,2026-01-02T01:16:08.000Z,klient234,FR,pending,584.25,EUR,Zamówienie 664
100665,2026-01-02T01:18:25.000Z,klient800,PL,paid,131.11,USD,Zamówienie 665
100666,2026-01-02T01:20:42.000Z,klient544,DE,shipped,26.75,PLN,
100667,2026-01-02T01:22:59.000Z,klient793,GB,delivered,304.90,EUR,Zamówienie 667
100668,2026-01-02T01:25:16.000Z,klient0,US,pending,267.22,USD,Zamówienie 668
100669,2026-01-02T01:27:33.000Z,klient664,FR,paid,481.33,PLN,Zamówienie 669
100670,2026-01-02T01:29:50.000Z,klient794,PL,shipped,132.62,EUR,Zamówienie 670
100671,2026-01-02T01:32:07.000Z,klient120,DE,delivered,262.78,USD,Zamówienie 671
100672,2026-01-02T01:34:24.000Z,klient644,GB,pending,703.70,PLN,
100673,2026-01-02T01:36:41.000Z,klient369,US,paid,750.19,EUR,Zamówienie 673
100674,2026-01-02T01:38:58.000Z,klient486,FR,shipped,121.62,USD,Zamówienie 674
100675,2026-01-02T01:41:15.000Z,klient288,PL,delivered,333.59,PLN,Zamówienie 675
100676,2026-01-02T01:43:32.000Z,klient481,DE,pending,427.07,EUR,Zamówienie 676
100677,2026-01-02T01:45:49.000Z,klient524,GB,paid,284.65,USD,Zamówienie 677
100678,2026-01-02T01:48:06.000Z,klient485,US,shipped,713.85,PLN,
100679,2026-01-02T01:50:23.000Z,klient701,FR,delivered,205.46,EUR,Zamówienie 679
100680,2026-01-02T01:52:40.000Z,klient32,PL,pending,795.36,USD,Zamówienie 680
100681,2026-01-02T01:54:57.000Z,klient396,DE,paid,74.77,PLN,Zamówienie 681
100682,2026-01-02T01:57:14.000Z,klient526,GB,shipped,693.74,EUR,Zamówienie 682
100683,2026-01-02T01:59:31.000Z,klient188,US,delivered,261.23,USD,Zamówienie 683
100684,2026-01-02T02:01:48.000Z,klient674,FR,pending,0.83,PLN,
100685,2026-01-02T02:04:05.000Z,klient855,PL,paid,63.71,EUR,Zamówienie 685
100686,2026-01-02T02:06:22.000Z,klient204,DE,shipped,106.40,USD,Zamówienie 686
100687,2026-01-02T02:08:39.000Z,klient442,GB,delivered,42.45,PLN,Zamówienie 687
100688,2026-01-02T02:10:56.000Z,klient589,US,pending,72.27,EUR,Zamówienie 688
100689,2026-01-02T02:13:13.000Z,klient116,FR,paid,126.88,USD,"Uwaga: ""pilne"", sprawdzić"
100690,2026-01-02T02:15:30.000Z,klient319,PL,shipped,494.20,PLN,
100691,2026-01-02T02:17:47.000Z,klient482,DE,delivered,790.33,EUR,Zamówienie 691
100692,2026-01-02T02:20:04.000Z,klient232,GB,pending,39.76,USD,Zamówienie 692
100693,2026-01-02T02:22:21.000Z,klient748,US,paid,65.39,PLN,Zamówienie 693
100694,2026-01-02T02:24:38.000Z,klient108,FR,shipped,482.31,EUR,Zamówienie 694
100695,2026-01-02T02:26:55.000Z,klient458,PL,delivered,153.84,USD,Zamówienie 695
100696,2026-01-02T02:29:12.000Z,klient523,DE,pending,399.10,PLN,
100697,2026-01-02T02:31:29.000Z,klient824,GB,paid,516.46,EUR,Zamówienie 697
100698,2026-01-02T02:33:46.000Z,klient539,US,shipped,777.35,USD,Zamówienie 698
100699,2026-01-02T02:36:03.000Z,klient269,FR,delivered,612.40,PLN,Zamówienie 699
100700,2026-01-02T02:38:20.000Z,klient137,PL,pending,21.08,EUR,Zamówienie 700
100701,2026-01-02T02:40:37.000Z,klient417,DE,paid,575.24,USD,Zamówienie 701
100702,2026-01-02T02:42:54.000Z,klient556,GB,shipped,353.72,PLN,
100703,2026-01-02T02:45:11.000Z,klient42,US,delivered,506.20,EUR,Zamówienie 703
100704,2026-01-02T02:47:28.000Z,klient44,FR,pending,157.37,USD,Zamówienie 704
100705,2026-01-02T02:49:45.000Z,klient644,PL,paid,792.44,PLN,Zamówienie 705
100706,2026-01-02T02:52:02.000Z,klient267,DE,shipped,431.53,EUR,Zamówienie 706
100707,2026-01-02T02:54:19.000Z,klient710,GB,delivered,513.48,USD,Zamówienie 707
100708,2026-01-02T02:56:36.000Z,klient538,US,pending,533.13,PLN,
100709,2026-01-02T02:58:53.000Z,klient247,FR,paid,317.04,EUR,Zamówienie 709
100710,2026-01-02T03:01:10.000Z,klient380,PL,shipped,457.18,USD,Zamówienie 710
100711,2026-01-02T03:03:27.000Z,klient471,DE,delivered,328.22,PLN,Zamówienie 711
100712,2026-01-02T03:05:44.000Z,klient1,GB,pending,427.55,EUR,Zamówienie 712
100713,2026-01-02T03:08:01.000Z,klient139,US,paid,296.16,USD,Zamówienie 713
100714,2026-01-02T03:10:18.000Z,klient504,FR,shipped,500.09,PLN,
100715,2026-01-02T03:12:35.000Z,klient649,PL,delivered,189.22,EUR,Zamówienie 715
100716,2026-01-02T03:14:52.000Z,klient613,DE,pending,318.43,USD,Zamówienie 716
100717,2026-01-02T03:17:09.000Z,klient225,GB,paid,388.60,PLN,Zamówienie 717
100718,2026-01-02T03:19:26.000Z,klient804,US,shipped,107.55,EUR,Zamówienie 718
100719,2026-01-02T03:21:43.000Z,klient231,FR,delivered,130.87,USD,Zamówienie 719
100720,2026-01-02T03:24:00.000Z,klient40,PL,pending,514.71,PLN,
100721,2026-01-02T03:26:17.000Z,klient266,DE,paid,673.93,EUR,Zamówienie 721
100722,2026-01-02T03:28:34.000Z,klient192,GB,shipped,678.49,USD,Zamówienie 722
100723,2026-01-02T03:30:51.000Z,klient878,US,delivered,142.54,PLN,Zamówienie 723
100724,2026-01-02T03:33:08.000Z,klient277,FR,pending,484.02,EUR,Zamówienie 724
100725,2026-01-02T03:35:25.000Z,klient87,PL,paid,757.40,USD,Zamówienie 725
100726,2026-01-02T03:37:42.000Z,klient789,DE,shipped,131.85,PLN,
100727,2026-01-02T03:39:59.000Z,klient584,GB,delivered,322.00,EUR,Zamówienie 727
100728,2026-01-02T03:42:16.000Z,klient651,US,pending,550.55,USD,Zamówienie 728
100729,2026-01-02T03:44:33.000Z,klient426,FR,paid,433.97,PLN,Zamówienie 729
100730,2026-01-02T03:46:50.000Z,klient353,PL,shipped,594.20,EUR,Zamówienie 730
100731,2026-01-02T03:49:07.000Z,klient476,DE,delivered,259.51,USD,Zamówienie 731
100732,2026-01-02T03:51:24.000Z,klient544,GB,pending,769.16,PLN,
100733,2026-01-02T03:53:41.000Z,klient382,US,paid,189.53,EUR,Zamówienie 733
100734,2026-01-02T03:55:58.000Z,klient663,FR,shipped,420.89,USD,Zamówienie 734
100735,2026-01-02T03:58:15.000Z,klient252,PL,delivered,582.74,PLN,Zamówienie 735
100736,2026-01-02T04:00:32.000Z,klient595,DE,pending,412.10,EUR,Zamówienie 736
100737,2026-01-02T04:02:49.000Z,klient318,GB,paid,432.09,USD,Zamówienie 737
100738,2026-01-02T04:05:06.000Z,klient120,US,shipped,397.39,PLN,
100739,2026-01-02T04:07:23.000Z,klient727,FR,delivered,547.17,EUR,Zamówienie 739
100740,2026-01-02T04:09:40.000Z,klient579,PL,pending,173.18,USD,Zamówienie 740
100741,2026-01-02T04:11:57.000Z,klient719,DE,paid,326.74,PLN,Zamówienie 741
100742,2026-01-02T04:14:14.000Z,klient757,GB,shipped,514.04,EUR,"Uwaga: ""pilne"", sprawdzić"
100743,2026-01-02T04:16:31.000Z,klient353,US,delivered,606.21,USD,Zamówienie 743
100744,2026-01-02T04:18:48.000Z,klient147,FR,pending,641.86,PLN,
100745,2026-01-02T04:21:05.000Z,klient780,PL,paid,705.40,EUR,Zamówienie 745
100746,2026-01-02T04:23:22.000Z,klient320,DE,shipped,89.47,USD,Zamówienie 746
100747,2026-01-02T04:25:39.000Z,klient64,GB,delivered,799.54,PLN,Zamówienie 747
100748,2026-01-02T04:27:56.000Z,klient388,US,pending,142.67,EUR,Zamówienie 748
100749,2026-01-02T04:30:13.000Z,klient320,FR,paid,251.37,USD,Zamówienie 749
100750,2026-01-02T04:32:30.000Z,klient313,PL,shipped,101.35,PLN,
100751,2026-01-02T04:34:47.000Z,klient482,DE,delivered,486.34,EUR,Zamówienie 751
100752,2026-01-02T04:37:04.000Z,klient157,GB,pending,382.30,USD,Zamówienie 752
100753,2026-01-02T04:39:21.000Z,klient447,US,paid,316.91,PLN,Zamówienie 753
100754,2026-01-02T04:41:38.000Z,klient646,FR,shipped,210.87,EUR,Zamówienie 754
100755,2026-01-02T04:43:55.000Z,klient709,PL,delivered,566.36,USD,Zamówienie 755
100756,2026-01-02T04:46:12.000Z,klient371,DE,pending,193.95,PLN,
100757,2026-01-02T04:48:29.000Z,klient871,GB,paid,6.74,EUR,Zamówienie 757
100758,2026-01-02T04:50:46.000Z,klient763,US,shipped,122.82,USD,Zamówienie 758
100759,2026-01-02T04:53:03.000Z,klient509,FR,delivered,320.93,PLN,Zamówienie 759
100760,2026-01-02T04:55:20.000Z,klient65,PL,pending,291.87,EUR,Zamówienie 760
100761,2026-01-02T04:57:37.000Z,klient495,DE,paid,337.74,USD,Zamówienie 761
100762,2026-01-02T04:59:54.000Z,klient709,GB,shipped,486.23,PLN,
100763,2026-01-02T05:02:11.000Z,klient265,US,delivered,575.65,EUR,Zamówienie 763
100764,2026-01-02T05:04:28.000Z,klient322,FR,pending,614.39,USD,Zamówienie 764
100765,2026-01-02T05:06:45.000Z,klient815,PL,paid,517.81,PLN,Zamówienie 765
100766,2026-01-02T05:09:02.000Z,klient648,DE,shipped,783.49,EUR,Zamówienie 766
100767,2026-01-02T05:11:19.000Z,klient778,GB,delivered,216.50,USD,Zamówienie 767
100768,2026-01-02T05:13:36.000Z,klient331,US,pending,271.43,PLN,
100769,2026-01-02T05:15:53.000Z,klient238,FR,paid,247.11,EUR,Zamówienie 769
100770,2026-01-02T05:18:10.000Z,klient662,PL,shipped,348.63,USD,Zamówienie 770
100771,2026-01-02T05:20:27.000Z,klient583,DE,delivered,277.82,PLN,Zamówienie 771
100772,2026-01-02T05:22:44.000Z,klient718,GB,pending,139.27,EUR,Zamówienie 772
100773,2026-01-02T05:25:01.000Z,klient431,US,paid,766.64,USD,Zamówienie 773
100774,2026-01-02T05:27:18.000Z,klient593,FR,shipped,544.97,PLN,
100775,2026-01-02T05:29:35.000Z,klient810,PL,delivered,16.81,EUR,Zamówienie 775
100776,2026-01-02T05:31:52.000Z,klient244,DE,pending,794.25,USD,Zamówienie 776
100777,2026-01-02T05:34:09.000Z,klient482,GB,paid,696.96,PLN,Zamówienie 777
100778,2026-01-02T05:36:26.000Z,klient195,US,shipped,68.05,EUR,Zamówienie 778
100779,2026-01-02T05:38:43.000Z,klient375,FR,delivered,798.27,USD,Zamówienie 779
100780,2026-01-02T05:41:00.000Z,klient575,PL,pending,92.58,PLN,
100781,2026-01-02T05:43:17.000Z,klient180,DE,paid,533.35,EUR,Zamówienie 781
100782,2026-01-02T05:45:34.000Z,klient488,GB,shipped,24.28,USD,Zamówienie 782
100783,2026-01-02T05:47:51.000Z,klient754,US,delivered,328.76,PLN,Zamówienie 783
100784,2026-01-02T05:50:08.000Z,klient79,FR,pending,22.18,EUR,Zamówienie 784
100785,2026-01-02T05:52:25.000Z,klient178,PL,paid,353.03,USD,Zamówienie 785
100786,2026-01-02T05:54:42.000Z,klient775,DE,shipped,37.09,PLN,
100787,2026-01-02T05:56:59.000Z,klient759,GB,delivered,289.27,EUR,Zamówienie 787
100788,2026-01-02T05:59:16.000Z,klient36,US,pending,596.38,USD,Zamówienie 788
100789,2026-01-02T06:01:33.000Z,klient790,FR,paid,274.05,PLN,Zamówienie 789
100790,2026-01-02T06:03:50.000Z,klient38,PL,shipped,526.60,EUR,Zamówienie 790
100791,2026-01-02T06:06:07.000Z,klient839,DE,delivered,462.73,USD,Zamówienie 791
100792,2026-01-02T06:08:24.000Z,klient888,GB,pending,40.18,PLN,
100793,2026-01-02T06:10:41.000Z,klient628,US,paid,417.65,EUR,Zamówienie 793
100794,2026-01-02T06:12:58.000Z,klient167,FR,shipped,192.69,USD,Zamówienie 794
100795,2026-01-02T06:15:15.000Z,klient58,PL,delivered,557.71,PLN,"Uwaga: ""pilne"", sprawdzić"
100796,2026-01-02T06:17:32.000Z,klient100,DE,pending,784.05,EUR,Zamówienie 796
100797,2026-01-02T06:19:49.000Z,klient593,GB,paid,535.57,USD,Zamówienie 797
100798,2026-01-02T06:22:06.000Z,klient32,US,shipped,491.14,PLN,
100799,2026-01-02T06:24:23.000Z,klient457,FR,delivered,561.80,EUR,Zamówienie 799
100800,2026-01-02T06:26:40.000Z,klient344,PL,pending,36.29,USD,Zamówienie 800
100801,2026-01-02T06:28:57.000Z,klient595,DE,paid,207.06,PLN,Zamówienie 801
100802,2026-01-02T06:31:14.000Z,klient352,GB,shipped,449.93,EUR,Zamówienie 802
100803,2026-01-02T06:33:31.000Z,klient568,US,delivered,232.27,USD,Zamówienie 803
100804,2026-01-02T06:35:48.000Z,klient626,FR,pending,185.92,PLN,
100805,2026-01-02T06:38:05.000Z,klient48,PL,paid,83.95,EUR,Zamówienie 805
100806,2026-01-02T06:40:22.000Z,klient276,DE,shipped,556.88,USD,Zamówienie 806
100807,2026-01-02T06:42:39.000Z,klient212,GB,delivered,152.26,PLN,Zamówienie 807
100808,2026-01-02T06:44:56.000Z,klient62,US,pending,442.07,EUR,Zamówienie 808
100809,2026-01-02T06:47:13.000Z,klient532,FR,paid,201.54,USD,Zamówienie 809
100810,2026-01-02T06:49:30.000Z,klient544,PL,shipped,585.96,PLN,
100811,2026-01-02T06:51:47.000Z,klient804,DE,delivered,80.67,EUR,Zamówienie 811
100812,2026-01-02T06:54:04.000Z,klient32,GB,pending,387.63,USD,Zamówienie 812
100813,2026-01-02T06:56:21.000Z,klient115,US,paid,56.15,PLN,Zamówienie 813
100814,2026-01-02T06:58:38.000Z,klient555,FR,shipped,664.79,EUR,Zamówienie 814
100815,2026-01-02T07:00:55.000Z,klient426,PL,delivered,25.06,USD,Zamówienie 815
100816,2026-01-02T07:03:12.000Z,klient768,DE,pending,729.22,PLN,
100817,2026-01-02T07:05:29.000Z,klient257,GB,paid,537.48,EUR,Zamówienie 817
100818,2026-01-02T07:07:46.000Z,klient169,US,shipped,248.74,USD,Zamówienie 818
100819,2026-01-02T07:10:03.000Z,klient491,FR,delivered,441.67,PLN,Zamówienie 819
100820,2026-01-02T07:12:20.000Z,klient111,PL,pending,480.73,EUR,Zamówienie 820
100821,2026-01-02T07:14:37.000Z,klient358,DE,paid,142.11,USD,Zamówienie 821
100822,2026-01-02T07:16:54.000Z,klient379,GB,shipped,103.47,PLN,
100823,2026-01-02T07:19:11.000Z,klient213,US,delivered,122.61,EUR,Zamówienie 823
100824,2026-01-02T07:21:28.000Z,klient319,FR,pending,5.53,USD,Zamówienie 824
100825,2026-01-02T07:23:45.000Z,klient65,PL,paid,423.60,PLN,Zamówienie 825
100826,2026-01-02T07:26:02.000Z,klient232,DE,shipped,295.66,EUR,Zamówienie 826
100827,2026-01-02T07:28:19.000Z,klient509,GB,delivered,607.10,USD,Zamówienie 827
100828,2026-01-02T07:30:36.000Z,klient633,US,pending,601.98,PLN,
100829,2026-01-02T07:32:53.000Z,klient546,FR,paid,151.86,EUR,Zamówienie 829
100830,2026-01-02T07:35:10.000Z,klient410,PL,shipped,383.89,USD,Zamówienie 830
100831,2026-01-02T07:37:27.000Z,klient351,DE,delivered,35.38,PLN,Zamówienie 831
100832,2026-01-02T07:39:44.000Z,klient685,GB,pending,336.48,EUR,Zamówienie 832
100833,2026-01-02T07:42:01.000Z,klient556,US,paid,648.77,USD,Zamówienie 833
100834,2026-01-02T07:44:18.000Z,klient188,FR,shipped,26.26,PLN,
100835,2026-01-02T07:46:35.000Z,klient879,PL,delivered,475.83,EUR,Zamówienie 835
100836,2026-01-02T07:48:52.000Z,klient87,DE,pending,641.70,USD,Zamówienie 836
100837,2026-01-02T07:51:09.000Z,klient853,GB,paid,685.63,PLN,Zamówienie 837
100838,2026-01-02T07:53:26.000Z,klient355,US,shipped,790.89,EUR,Zamówienie 838
100839,2026-01-02T07:55:43.000Z,klient154,FR,delivered,794.83,USD,Zamówienie 839
100840,2026-01-02T07:58:00.000Z,klient777,PL,pending,795.26,PLN,
100841,2026-01-02T08:00:17.000Z,klient386,DE,paid,78.26,EUR,Zamówienie 841
100842,2026-01-02T08:02:34.000Z,klient887,GB,shipped,393.87,USD,Zamówienie 842
100843,2026-01-02T08:04:51.000Z,klient700,US,delivered,124.22,PLN,Zamówienie 843
100844,2026-01-02T08:07:08.000Z,klient80,FR,pending,715.02,EUR,Zamówienie 844
100845,2026-01-02T08:09:25.000Z,klient3,PL,paid,641.73,USD,Zamówienie 845
100846,2026-01-02T08:11:42.000Z,klient483,DE,shipped,6.44,PLN,
100847,2026-01-02T08:13:59.000Z,klient702,GB,delivered,368.79,EUR,Zamówienie 847
100848,2026-01-02T08:16:16.000Z,klient863,US,pending,698.48,USD,"Uwaga: ""pilne"", sprawdzić"
100849,2026-01-02T08:18:33.000Z,klient155,FR,paid,714.67,PLN,Zamówienie 849
100850,2026-01-02T08:20:50.000Z,klient409,PL,shipped,541.16,EUR,Zamówienie 850
100851,2026-01-02T08:23:07.000Z,klient758,DE,delivered,519.45,USD,Zamówienie 851
100852,2026-01-02T08:25:24.000Z,klient475,GB,pending,474.92,PLN,
100853,2026-01-02T08:27:41.000Z,klient885,US,paid,290.21,EUR,Zamówienie 853
100854,2026-01-02T08:29:58.000Z,klient326,FR,shipped,557.41,USD,Zamówienie 854
100855,2026-01-02T08:32:15.000Z,klient390,PL,delivered,463.68,PLN,Zamówienie 855
100856,2026-01-02T08:34:32.000Z,klient16,DE,pending,45.03,EUR,Zamówienie 856
100857,2026-01-02T08:36:49.000Z,klient56,GB,paid,597.03,USD,Zamówienie 857
100858,2026-01-02T08:39:06.000Z,klient376,US,shipped,154.25,PLN,
100859,2026-01-02T08:41:23.000Z,klient183,FR,delivered,124.90,EUR,Zamówienie 859
100860,2026-01-02T08:43:40.000Z,klient581,PL,pending,84.30,USD,Zamówienie 860
100861,2026-01-02T08:45:57.000Z,klient835,DE,paid,51.74,PLN,Zamówienie 861
100862,2026-01-02T08:48:14.000Z,klient537,GB,shipped,729.55,EUR,Zamówienie 862
100863,2026-01-02T08:50:31.000Z,klient414,US,delivered,21.75,USD,Zamówienie 863
100864,2026-01-02T08:52:48.000Z,klient741,FR,pending,124.78,PLN,
100865,2026-01-02T08:55:05.000Z,klient555,PL,paid,582.12,EUR,Zamówienie 865
100866,2026-01-02T08:57:22.000Z,klient781,DE,shipped,512.25,USD,Zamówienie 866
100867,2026-01-02T08:59:39.000Z,klient560,GB,delivered,179.25,PLN,Zamówienie 867
100868,2026-01-02T09:01:56.000Z,klient715,US,pending,600.48,EUR,Zamówienie 868
100869,2026-01-02T09:04:13.000Z,klient183,FR,paid,699.20,USD,Zamówienie 869
100870,2026-01-02T09:06:30.000Z,klient814,PL,shipped,259.40,PLN,
100871,2026-01-02T09:08:47.000Z,klient502,DE,delivered,540.88,EUR,Zamówienie 871
100872,2026-01-02T09:11:04.000Z,klient528,GB,pending,105.06,USD,Zamówienie 872
100873,2026-01-02T09:13:21.000Z,klient419,US,paid,398.87,PLN,Zamówienie 873
100874,2026-01-02T09:15:38.000Z,klient9,FR,shipped,256.50,EUR,Zamówienie 874
100875,2026-01-02T09:17:55.000Z,klient430,PL,delivered,372.42,USD,Zamówienie 875
100876,2026-01-02T09:20:12.000Z,klient383,DE,pending,337.29,PLN,
100877,2026-01-02T09:22:29.000Z,klient523,GB,paid,18.38,EUR,Zamówienie 877
100878,2026-01-02T09:24:46.000Z,klient13,US,shipped,74.22,USD,Zamówienie 878
100879,2026-01-02T09:27:03.000Z,klient157,FR,delivered,733.19,PLN,Zamówienie 879
100880,2026-01-02T09:29:20.000Z,klient823,PL,pending,195.74,EUR,Zamówienie 880
100881,2026-01-02T09:31:37.000Z,klient187,DE,paid,741.55,USD,Zamówienie 881
100882,2026-01-02T09:33:54.000Z,klient306,GB,shipped,335.48,PLN,
100883,2026-01-02T09:36:11.000Z,klient246,US,delivered,196.46,EUR,Zamówienie 883
100884,2026-01-02T09:38:28.000Z,klient547,FR,pending,426.53,USD,Zamówienie 884
100885,2026-01-02T09:40:45.000Z,klient282,PL,paid,679.93,PLN,Zamówienie 885
100886,2026-01-02T09:43:02.000Z,klient861,DE,shipped,46.78,EUR,Zamówienie 886
100887,2026-01-02T09:45:19.000Z,klient764,GB,delivered,28.99,USD,Zamówienie 887
100888,2026-01-02T09:47:36.000Z,klient210,US,pending,426.55,PLN,
100889,2026-01-02T09:49:53.000Z,klient243,FR,paid,395.88,EUR,Zamówienie 889
100890,2026-01-02T09:52:10.000Z,klient63,PL,shipped,77.65,USD,Zamówienie 890
100891,2026-01-02T09:54:27.000Z,klient452,DE,delivered,202.31,PLN,Zamówienie 891
100892,2026-01-02T09:56:44.000Z,klient599,GB,pending,9.94,EUR,Zamówienie 892
100893,2026-01-02T09:59:01.000Z,klient331,US,paid,363.67,USD,Zamówienie 893
100894,2026-01-02T10:01:18.000Z,klient261,FR,shipped,798.05,PLN,
100895,2026-01-02T10:03:35.000Z,klient881,PL,delivered,589.61,EUR,Zamówienie 895
100896,2026-01-02T10:05:52.000Z,klient233,DE,pending,691.45,USD,Zamówienie 896
100897,2026-01-02T10:08:09.000Z,klient293,GB,paid,515.51,PLN,Zamówienie 897
100898,2026-01-02T10:10:26.000Z,klient448,US,shipped,22.66,EUR,Zamówienie 898
100899,2026-01-02T10:12:43.000Z,klient379,FR,delivered,597.41,USD,Zamówienie 899
100900,2026-01-02T10:15:00.000Z,klient361,PL,pending,635.40,PLN,
100901,2026-01-02T10:17:17.000Z,klient118,DE,paid,326.64,EUR,"Uwaga: ""pilne"", sprawdzić"
100902,2026-01-02T10:19:34.000Z,klient674,GB,shipped,115.51,USD,Zamówienie 902
100903,2026-01-02T10:21:51.000Z,klient751,US,delivered,617.32,PLN,Zamówienie 903
100904,2026-01-02T10:24:08.000Z,klient122,FR,pending,216.76,EUR,Zamówienie 904
100905,2026-01-02T10:26:25.000Z,klient467,PL,paid,657.31,USD,Zamówienie 905
100906,2026-01-02T10:28:42.000Z,klient142,DE,shipped,715.06,PLN,
100907,2026-01-02T10:30:59.000Z,klient765,GB,delivered,95.95,EUR,Zamówienie 907
100908,2026-01-02T10:33:16.000Z,klient866,US,pending,119.23,USD,Zamówienie 908
100909,2026-01-02T10:35:33.000Z,klient358,FR,paid,50.90,PLN,Zamówienie 909
100910,2026-01-02T10:37:50.000Z,klient459,PL,shipped,117.50,EUR,Zamówienie 910
100911,2026-01-02T10:40:07.000Z,klient495,DE,delivered,358.08,USD,Zamówienie 911
100912,2026-01-02T10:42:24.000Z,klient51,GB,pending,789.87,PLN,
100913,2026-01-02T10:44:41.000Z,klient344,US,paid,597.58,EUR,Zamówienie 913
100914,2026-01-02T10:46:58.000Z,klient101,FR,shipped,71.39,USD,Zamówienie 914
100915,2026-01-02T10:49:15.000Z,klient307,PL,delivered,774.00,PLN,Zamówienie 915
100916,2026-01-02T10:51:32.000Z,klient565,DE,pending,86.78,EUR,Zamówienie 916
100917,2026-01-02T10:53:49.000Z,klient381,GB,paid,534.34,USD,Zamówienie 917
100918,2026-01-02T10:56:06.000Z,klient10,US,shipped,793.10,PLN,
100919,2026-01-02T10:58:23.000Z,klient150,FR,delivered,301.70,EUR,Zamówienie 919
100920,2026-01-02T11:00:40.000Z,klient385,PL,pending,194.80,USD,Zamówienie 920
100921,2026-01-02T11:02:57.000Z,klient625,DE,paid,552.53,PLN,Zamówienie 921
100922,2026-01-02T11:05:14.000Z,klient521,GB,shipped,730.41,EUR,Zamówienie 922
100923,2026-01-02T11:07:31.000Z,klient256,US,delivered,579.89,USD,Zamówienie 923
100924,2026-01-02T11:09:48.000Z,klient586,FR,pending,269.62,PLN,
100925,2026-01-02T11:12:05.000Z,klient422,PL,paid,104.21,EUR,Zamówienie 925
100926,2026-01-02T11:14:22.000Z,klient54,DE,shipped,134.76,USD,Zamówienie 926
100927,2026-01-02T11:16:39.000Z,klient45,GB,delivered,469.75,PLN,Zamówienie 927
100928,2026-01-02T11:18:56.000Z,klient765,US,pending,40.61,EUR,Zamówienie 928
100929,2026-01-02T11:21:13.000Z,klient486,FR,paid,101.79,USD,Zamówienie 929
100930,2026-01-02T11:23:30.000Z,klient749,PL,shipped,181.29,PLN,
100931,2026-01-02T11:25:47.000Z,klient1,DE,delivered,261.65,EUR,Zamówienie 931
100932,2026-01-02T11:28:04.000Z,klient657,GB,pending,454.70,USD,Zamówienie 932
100933,2026-01-02T11:30:21.000Z,klient626,US,paid,184.81,PLN,Zamówienie 933
100934,2026-01-02T11:32:38.000Z,klient69,FR,shipped,335.58,EUR,Zamówienie 934
100935,2026-01-02T11:34:55.000Z,klient271,PL,delivered,503.69,USD,Zamówienie 935
100936,2026-01-02T11:37:12.000Z,klient316,DE,pending,728.33,PLN,
100937,2026-01-02T11:39:29.000Z,klient334,GB,paid,165.12,EUR,Zamówienie 937
100938,2026-01-02T11:41:46.000Z,klient78,US,shipped,479.51,USD,Zamówienie 938
100939,2026-01-02T11:44:03.000Z,klient191,FR,delivered,102.56,PLN,Zamówienie 939
100940,2026-01-02T11:46:20.000Z,klient296,PL,pending,579.88,EUR,Zamówienie 940
100941,2026-01-02T11:48:37.000Z,klient364,DE,paid,447.28,USD,Zamówienie 941
100942,2026-01-02T11:50:54.000Z,klient52,GB,shipped,122.40,PLN,
100943,2026-01-02T11:53:11.000Z,klient406,US,delivered,362.24,EUR,Zamówienie 943
100944,2026-01-02T11:55:28.000Z,klient786,FR,pending,225.11,USD,Zamówienie 944
100945,2026-01-02T11:57:45.000Z,klient797,PL,paid,397.21,PLN,Zamówienie 945
100946,2026-01-02T12:00:02.000Z,klient691,DE,shipped,757.80,EUR,Zamówienie 946
100947,2026-01-02T12:02:19.000Z,klient450,GB,delivered,426.70,USD,Zamówienie 947
100948,2026-01-02T12:04:36.000Z,klient111,US,pending,690.39,PLN,
100949,2026-01-02T12:06:53.000Z,klient128,FR,paid,621.74,EUR,Zamówienie 949
100950,2026-01-02T12:09:10.000Z,klient274,PL,shipped,490.18,USD,Zamówienie 950
100951,2026-01-02T12:11:27.000Z,klient709,DE,delivered,170.45,PLN,Zamówienie 951
100952,2026-01-02T12:13:44.000Z,klient828,GB,pending,741.89,EUR,Zamówienie 952
100953,2026-01-02T12:16:01.000Z,klient451,US,paid,531.23,USD,Zamówienie 953
100954,2026-01-02T12:18:18.000Z,klient516,FR,shipped,59.03,PLN,
100955,2026-01-02T12:20:35.000Z,klient454,PL,delivered,789.37,EUR,Zamówienie 955
100956,2026-01-02T12:22:52.000Z,klient506,DE,pending,161.01,USD,Zamówienie 956
100957,2026-01-02T12:25:09.000Z,klient478,GB,paid,417.17,PLN,Zamówienie 957
100958,2026-01-02T12:27:26.000Z,klient128,US,shipped,616.40,EUR,Zamówienie 958
100959,2026-01-02T12:29:43.000Z,klient274,FR,delivered,108.30,USD,Zamówienie 959
100960,2026-01-02T12:32:00.000Z,klient63,PL,pending,497.48,PLN,
100961,2026-01-02T12:34:17.000Z,klient198,DE,paid,755.57,EUR,Zamówienie 961
100962,2026-01-02T12:36:34.000Z,klient120,GB,shipped,113.08,USD,Zamówienie 962
100963,2026-01-02T12:38:51.000Z,klient721,US,delivered,537.94,PLN,Zamówienie 963
100964,2026-01-02T12:41:08.000Z,klient105,FR,pending,689.97,EUR,Zamówienie 964
100965,2026-01-02T12:43:25.000Z,klient611,PL,paid,324.98,USD,Zamówienie 965
100966,2026-01-02T12:45:42.000Z,klient254,DE,shipped,216.99,PLN,
100967,2026-01-02T12:47:59.000Z,klient354,GB,delivered,155.97,EUR,Zamówienie 967
100968,2026-01-02T12:50:16.000Z,klient548,US,pending,454.69,USD,Zamówienie 968
100969,2026-01-02T12:52:33.000Z,klient526,FR,paid,797.60,PLN,Zamówienie 969
100970,2026-01-02T12:54:50.000Z,klient425,PL,shipped,398.19,EUR,Zamówienie 970
100971,2026-01-02T12:57:07.000Z,klient504,DE,delivered,639.99,USD,Zamówienie 971
100972,2026-01-02T12:59:24.000Z,klient284,GB,pending,158.68,PLN,
100973,2026-01-02T13:01:41.000Z,klient543,US,paid,10.87,EUR,Zamówienie 973
100974,2026-01-02T13:03:58.000Z,klient367,FR,shipped,428.88,USD,Zamówienie 974
100975,2026-01-02T13:06:15.000Z,klient797,PL,delivered,567.32,PLN,Zamówienie 975
100976,2026-01-02T13:08:32.000Z,klient369,DE,pending,770.38,EUR,Zamówienie 976
100977,2026-01-02T13:10:49.000Z,klient783,GB,paid,656.02,USD,Zamówienie 977
100978,2026-01-02T13:13:06.000Z,klient185,US,shipped,751.68,PLN,
100979,2026-01-02T13:15:23.000Z,klient213,FR,delivered,427.06,EUR,Zamówienie 979
100980,2026-01-02T13:17:40.000Z,klient290,PL,pending,659.03,USD,Zamówienie 980
100981,2026-01-02T13:19:57.000Z,klient245,DE,paid,367.37,PLN,Zamówienie 981
100982,2026-01-02T13:22:14.000Z,klient804,GB,shipped,707.24,EUR,Zamówienie 982
100983,2026-01-02T13:24:31.000Z,klient757,US,delivered,235.75,USD,Zamówienie 983
100984,2026-01-02T13:26:48.000Z,klient182,FR,pending,593.99,PLN,
100985,2026-01-02T13:29:05.000Z,klient749,PL,paid,59.94,EUR,Zamówienie 985
100986,2026-01-02T13:31:22.000Z,klient539,DE,shipped,39.71,USD,Zamówienie 986
100987,2026-01-02T13:33:39.000Z,klient229,GB,delivered,431.32,PLN,Zamówienie 987
100988,2026-01-02T13:35:56.000Z,klient85,US,pending,188.47,EUR,Zamówienie 988
100989,2026-01-02T13:38:13.000Z,klient750,FR,paid,121.31,USD,Zamówienie 989
100990,2026-01-02T13:40:30.000Z,klient563,PL,shipped,570.76,PLN,
100991,2026-01-02T13:42:47.000Z,klient322,DE,delivered,265.77,EUR,Zamówienie 991
100992,2026-01-02T13:45:04.000Z,klient366,GB,pending,500.27,USD,Zamówienie 992
100993,2026-01-02T13:47:21.000Z,klient407,US,paid,197.35,PLN,Zamówienie 993
100994,2026-01-02T13:49:38.000Z,klient320,FR,shipped,675.63,EUR,Zamówienie 994
100995,2026-01-02T13:51:55.000Z,klient806,PL,delivered,530.21,USD,Zamówienie 995
100996,2026-01-02T13:54:12.000Z,klient187,DE,pending,554.87,PLN,
100997,2026-01-02T13:56:29.000Z,klient12,GB,paid,186.97,EUR,Zamówienie 997
100998,2026-01-02T13:58:46.000Z,klient422,US,shipped,660.74,USD,Zamówienie 998
100999,2026-01-02T14:01:03.000Z,klient568,FR,delivered,425.52,PLN,Zamówienie 999
101000,2026-01-02T14:03:20.000Z,klient798,PL,pending,146.03,EUR,Zamówienie 1000
101001,2026-01-02T14:05:37.000Z,klient822,DE,paid,601.42,USD,Zamówienie 1001
101002,2026-01-02T14:07:54.000Z,klient649,GB,shipped,573.67,PLN,
101003,2026-01-02T14:10:11.000Z,klient875,US,delivered,316.66,EUR,Zamówienie 1003
101004,2026-01-02T14:12:28.000Z,klient391,FR,pending,604.20,USD,Zamówienie 1004
101005,2026-01-02T14:14:45.000Z,klient716,PL,paid,245.46,PLN,Zamówienie 1005
101006,2026-01-02T14:17:02.000Z,klient293,DE,shipped,647.04,EUR,Zamówienie 1006
101007,2026-01-02T14:19:19.000Z,klient248,GB,delivered,696.72,USD,"Uwaga: ""pilne"", sprawdzić"
101008,2026-01-02T14:21:36.000Z,klient885,US,pending,672.09,PLN,
101009,2026-01-02T14:23:53.000Z,klient4,FR,paid,424.98,EUR,Zamówienie 1009
101010,2026-01-02T14:26:10.000Z,klient446,PL,shipped,322.17,USD,Zamówienie 1010
101011,2026-01-02T14:28:27.000Z,klient282,DE,delivered,158.74,PLN,Zamówienie 1011
101012,2026-01-02T14:30:44.000Z,klient432,GB,pending,520.06,EUR,Zamówienie 1012
101013,2026-01-02T14:33:01.000Z,klient616,US,paid,39.11,USD,Zamówienie 1013
101014,2026-01-02T14:35:18.000Z,klient1,FR,shipped,245.18,PLN,
101015,2026-01-02T14:37:35.000Z,klient881,PL,delivered,435.32,EUR,Zamówienie 1015
101016,2026-01-02T14:39:52.000Z,klient696,DE,pending,757.42,USD,Zamówienie 1016
101017,2026-01-02T14:42:09.000Z,klient547,GB,paid,527.81,PLN,Zamówienie 1017
101018,2026-01-02T14:44:26.000Z,klient839,US,shipped,256.66,EUR,Zamówienie 1018
101019,2026-01-02T14:46:43.000Z,klient218,FR,delivered,514.26,USD,Zamówienie 1019
101020,2026-01-02T14:49:00.000Z,klient722,PL,pending,673.54,PLN,
101021,2026-01-02T14:51:17.000Z,klient89,DE,paid,489.34,EUR,Zamówienie 1021
101022,2026-01-02T14:53:34.000Z,klient525,GB,shipped,646.85,USD,Zamówienie 1022
101023,2026-01-02T14:55:51.000Z,klient549,US,delivered,684.76,PLN,Zamówienie 1023
101024,2026-01-02T14:58:08.000Z,klient688,FR,pending,378.01,EUR,Zamówienie 1024
101025,2026-01-02T15:00:25.000Z,klient154,PL,paid,495.19,USD,Zamówienie 1025
101026,2026-01-02T15:02:42.000Z,klient172,DE,shipped,220.79,PLN,
101027,2026-01-02T15:04:59.000Z,klient485,GB,delivered,307.17,EUR,Zamówienie 1027
101028,2026-01-02T15:07:16.000Z,klient202,US,pending,281.51,USD,Zamówienie 1028
101029,2026-01-02T15:09:33.000Z,klient209,FR,paid,589.03,PLN,Zamówienie 1029
101030,2026-01-02T15:11:50.000Z,klient123,PL,shipped,420.21,EUR,Zamówienie 1030
101031,2026-01-02T15:14:07.000Z,klient755,DE,delivered,462.76,USD,Zamówienie 1031
101032,2026-01-02T15:16:24.000Z,klient319,GB,pending,60.39,PLN,
101033,2026-01-02T15:18:41.000Z,klient246,US,paid,403.45,EUR,Zamówienie 1033
101034,2026-01-02T15:20:58.000Z,klient126,FR,shipped,473.57,USD,Zamówienie 1034
101035,2026-01-02T15:23:15.000Z,klient92,PL,delivered,278.54,PLN,Zamówienie 1035
101036,2026-01-02T15:25:32.000Z,klient740,DE,pending,763.29,EUR,Zamówienie 1036
101037,2026-01-02T15:27:49.000Z,klient191,GB,paid,249.91,USD,Zamówienie 1037
101038,2026-01-02T15:30:06.000Z,klient283,US,shipped,704.61,PLN,
101039,2026-01-02T15:32:23.000Z,klient62,FR,delivered,283.53,EUR,Zamówienie 1039
101040,2026-01-02T15:34:40.000Z,klient824,PL,pending,274.40,USD,Zamówienie 1040
101041,2026-01-02T15:36:57.000Z,klient100,DE,paid,236.71,PLN,Zamówienie 1041
101042,2026-01-02T15:39:14.000Z,klient296,GB,shipped,457.56,EUR,Zamówienie 1042
101043,2026-01-02T15:41:31.000Z,klient485,US,delivered,35.19,USD,Zamówienie 1043
101044,2026-01-02T15:43:48.000Z,klient392,FR,pending,470.21,PLN,
101045,2026-01-02T15:46:05.000Z,klient878,PL,paid,416.98,EUR,Zamówienie 1045
101046,2026-01-02T15:48:22.000Z,klient641,DE,shipped,760.03,USD,Zamówienie 1046
101047,2026-01-02T15:50:39.000Z,klient825,GB,delivered,346.85,PLN,Zamówienie 1047
101048,2026-01-02T15:52:56.000Z,klient380,US,pending,503.12,EUR,Zamówienie 1048
101049,2026-01-02T15:55:13.000Z,klient462,FR,paid,573.67,USD,Zamówienie 1049
101050,2026-01-02T15:57:30.000Z,klient59,PL,shipped,761.45,PLN,
101051,2026-01-02T15:59:47.000Z,klient437,DE,delivered,531.78,EUR,Zamówienie 1051
101052,2026-01-02T16:02:04.000Z,klient257,GB,pending,465.17,USD,Zamówienie 1052
101053,2026-01-02T16:04:21.000Z,klient257,US,paid,384.64,PLN,Zamówienie 1053
101054,2026-01-02T16:06:38.000Z,klient712,FR,shipped,578.62,EUR,Zamówienie 1054
101055,2026-01-02T16:08:55.000Z,klient738,PL,delivered,336.04,USD,Zamówienie 1055
101056,2026-01-02T16:11:12.000Z,klient201,DE,pending,278.04,PLN,
101057,2026-01-02T16:13:29.000Z,klient344,GB,paid,335.76,EUR,Zamówienie 1057
101058,2026-01-02T16:15:46.000Z,klient350,US,shipped,68.69,USD,Zamówienie 1058
101059,2026-01-02T16:18:03.000Z,klient497,FR,delivered,28.37,PLN,Zamówienie 1059
101060,2026-01-02T16:20:20.000Z,klient152,PL,pending,636.58,EUR,"Uwaga: ""pilne"", sprawdzić"
101061,2026-01-02T16:22:37.000Z,klient643,DE,paid,657.13,USD,Zamówienie 1061
101062,2026-01-02T16:24:54.000Z,klient668,GB,shipped,783.82,PLN,
101063,2026-01-02T16:27:11.000Z,klient508,US,delivered,46.92,EUR,Zamówienie 1063
101064,2026-01-02T16:29:28.000Z,klient172,FR,pending,768.76,USD,Zamówienie 1064
101065,2026-01-02T16:31:45.000Z,klient766,PL,paid,175.28,PLN,Zamówienie 1065
101066,2026-01-02T16:34:02.000Z,klient774,DE,shipped,67.44,EUR,Zamówienie 1066
101067,2026-01-02T16:36:19.000Z,klient77,GB,delivered,777.77,USD,Zamówienie 1067
101068,2026-01-02T16:38:36.000Z,klient696,US,pending,706.52,PLN,
101069,2026-01-02T16:40:53.000Z,klient863,FR,paid,605.56,EUR,Zamówienie 1069
101070,2026-01-02T16:43:10.000Z,klient613,PL,shipped,796.82,USD,Zamówienie 1070
101071,2026-01-02T16:45:27.000Z,klient96,DE,delivered,153.29,PLN,Zamówienie 1071
101072,2026-01-02T16:47:44.000Z,klient604,GB,pending,519.30,EUR,Zamówienie 1072
101073,2026-01-02T16:50:01.000Z,klient741,US,paid,757.73,USD,Zamówienie 1073
101074,2026-01-02T16:52:18.000Z,klient708,FR,shipped,284.74,PLN,
101075,2026-01-02T16:54:35.000Z,klient682,PL,delivered,511.48,EUR,Zamówienie 1075
101076,2026-01-02T16:56:52.000Z,klient74,DE,pending,289.76,USD,Zamówienie 1076
101077,2026-01-02T16:59:09.000Z,klient732,GB,paid,2.40,PLN,Zamówienie 1077
101078,2026-01-02T17:01:26.000Z,klient85,US,shipped,709.82,EUR,Zamówienie 1078
101079,2026-01-02T17:03:43.000Z,klient896,FR,delivered,726.63,USD,Zamówienie 1079
101080,2026-01-02T17:06:00.000Z,klient663,PL,pending,610.61,PLN,
101081,2026-01-02T17:08:17.000Z,klient726,DE,paid,746.17,EUR,Zamówienie 1081
101082,2026-01-02T17:10:34.000Z,klient609,GB,shipped,59.53,USD,Zamówienie 1082
101083,2026-01-02T17:12:51.000Z,klient126,US,delivered,394.09,PLN,Zamówienie 1083
101084,2026-01-02T17:15:08.000Z,klient355,FR,pending,641.19,EUR,Zamówienie 1084
101085,2026-01-02T17:17:25.000Z,klient94,PL,paid,409.56,USD,Zamówienie 1085
101086,2026-01-02T17:19:42.000Z,klient77,DE,shipped,204.84,PLN,
101087,2026-01-02T17:21:59.000Z,klient597,GB,delivered,22.26,EUR,Zamówienie 1087
101088,2026-01-02T17:24:16.000Z,klient859,US,pending,210.41,USD,Zamówienie 1088
101089,2026-01-02T17:26:33.000Z,klient577,FR,paid,762.75,PLN,Zamówienie 1089
101090,2026-01-02T17:28:50.000Z,klient176,PL,shipped,19.33,EUR,Zamówienie 1090
101091,2026-01-02T17:31:07.000Z,klient748,DE,delivered,53.15,USD,Zamówienie 1091
101092,2026-01-02T17:33:24.000Z,klient118,GB,pending,455.16,PLN,
101093,2026-01-02T17:35:41.000Z,klient102,US,paid,654.84,EUR,Zamówienie 1093
101094,2026-01-02T17:37:58.000Z,klient73,FR,shipped,69.83,USD,Zamówienie 1094
101095,2026-01-02T17:40:15.000Z,klient766,PL,delivered,284.32,PLN,Zamówienie 1095
101096,2026-01-02T17:42:32.000Z,klient56,DE,pending,648.38,EUR,Zamówienie 1096
101097,2026-01-02T17:44:49.000Z,klient770,GB,paid,683.89,USD,Zamówienie 1097
101098,2026-01-02T17:47:06.000Z,klient316,US,shipped,211.13,PLN,
101099,2026-01-02T17:49:23.000Z,klient301,FR,delivered,372.52,EUR,Zamówienie 1099
101100,2026-01-02T17:51:40.000Z,klient560,PL,pending,703.02,USD,Zamówienie 1100
101101,2026-01-02T17:53:57.000Z,klient839,DE,paid,413.90,PLN,Zamówienie 1101
101102,2026-01-02T17:56:14.000Z,klient851,GB,shipped,552.18,EUR,Zamówienie 1102
101103,2026-01-02T17:58:31.000Z,klient72,US,delivered,26.82,USD,Zamówienie 1103
101104,2026-01-02T18:00:48.000Z,klient827,FR,pending,230.87,PLN,
101105,2026-01-02T18:03:05.000Z,klient621,PL,paid,32.64,EUR,Zamówienie 1105
101106,2026-01-02T18:05:22.000Z,klient11,DE,shipped,33.43,USD,Zamówienie 1106
101107,2026-01-02T18:07:39.000Z,klient818,GB,delivered,384.13,PLN,Zamówienie 1107
101108,2026-01-02T18:09:56.000Z,klient397,US,pending,557.81,EUR,Zamówienie 1108
101109,2026-01-02T18:12:13.000Z,klient489,FR,paid,506.44,USD,Zamówienie 1109
101110,2026-01-02T18:14:30.000Z,klient218,PL,shipped,218.83,PLN,
101111,2026-01-02T18:16:47.000Z,klient423,DE,delivered,761.30,EUR,Zamówienie 1111
101112,2026-01-02T18:19:04.000Z,klient216,GB,pending,539.13,USD,Zamówienie 1112
101113,2026-01-02T18:21:21.000Z,klient646,US,paid,271.83,PLN,"Uwaga: ""pilne"", sprawdzić"
101114,2026-01-02T18:23:38.000Z,klient292,FR,shipped,39.80,EUR,Zamówienie 1114
101115,2026-01-02T18:25:55.000Z,klient880,PL,delivered,471.76,USD,Zamówienie 1115
101116,2026-01-02T18:28:12.000Z,klient829,DE,pending,219.50,PLN,
101117,2026-01-02T18:30:29.000Z,klient292,GB,paid,220.83,EUR,Zamówienie 1117
101118,2026-01-02T18:32:46.000Z,klient57,US,shipped,539.79,USD,Zamówienie 1118
101119,2026-01-02T18:35:03.000Z,klient227,FR,delivered,64.03,PLN,Zamówienie 1119
101120,2026-01-02T18:37:20.000Z,klient133,PL,pending,600.82,EUR,Zamówienie 1120
101121,2026-01-02T18:39:37.000Z,klient54,DE,paid,272.43,USD,Zamówienie 1121
101122,2026-01-02T18:41:54.000Z,klient472,GB,shipped,73.42,PLN,
101123,2026-01-02T18:44:11.000Z,klient626,US,delivered,426.05,EUR,Zamówienie 1123
101124,2026-01-02T18:46:28.000Z,klient644,FR,pending,305.72,USD,Zamówienie 1124
101125,2026-01-02T18:48:45.000Z,klient276,PL,paid,49.47,PLN,Zamówienie 1125
101126,2026-01-02T18:51:02.000Z,klient215,DE,shipped,361.95,EUR,Zamówienie 1126
101127,2026-01-02T18:53:19.000Z,klient193,GB,delivered,476.46,USD,Zamówienie 1127
101128,2026-01-02T18:55:36.000Z,klient768,US,pending,406.68,PLN,
101129,2026-01-02T18:57:53.000Z,klient118,FR,paid,465.59,EUR,Zamówienie 1129
101130,2026-01-02T19:00:10.000Z,klient624,PL,shipped,503.07,USD,Zamówienie 1130
101131,2026-01-02T19:02:27.000Z,klient354,DE,delivered,295.92,PLN,Zamówienie 1131
101132,2026-01-02T19:04:44.000Z,klient781,GB,pending,175.39,EUR,Zamówienie 1132
101133,2026-01-02T19:07:01.000Z,klient498,US,paid,411.65,USD,Zamówienie 1133
101134,2026-01-02T19:09:18.000Z,klient313,FR,shipped,111.89,PLN,
101135,2026-01-02T19:11:35.000Z,klient476,PL,delivered,131.57,EUR,Zamówienie 1135
101136,2026-01-02T19:13:52.000Z,klient3,DE,pending,671.30,USD,Zamówienie 1136
101137,2026-01-02T19:16:09.000Z,klient117,GB,paid,267.56,PLN,Zamówienie 1137
101138,2026-01-02T19:18:26.000Z,klient678,US,shipped,233.49,EUR,Zamówienie 1138
101139,2026-01-02T19:20:43.000Z,klient65,FR,delivered,282.76,USD,Zamówienie 1139
101140,2026-01-02T19:23:00.000Z,klient520,PL,pending,248.72,PLN,
101141,2026-01-02T19:25:17.000Z,klient8,DE,paid,751.06,EUR,Zamówienie 1141
101142,2026-01-02T19:27:34.000Z,klient748,GB,shipped,124.31,USD,Zamówienie 1142
101143,2026-01-02T19:29:51.000Z,klient842,US,delivered,755.96,PLN,Zamówienie 1143
101144,2026-01-02T19:32:08.000Z,klient456,FR,pending,302.75,EUR,Zamówienie 1144
101145,2026-01-02T19:34:25.000Z,klient187,PL,paid,298.43,USD,Zamówienie 1145
101146,2026-01-02T19:36:42.000Z,klient766,DE,shipped,766.62,PLN,
101147,2026-01-02T19:38:59.000Z,klient382,GB,delivered,274.15,EUR,Zamówienie 1147
101148,2026-01-02T19:41:16.000Z,klient194,US,pending,278.81,USD,Zamówienie 1148
101149,2026-01-02T19:43:33.000Z,klient832,FR,paid,243.12,PLN,Zamówienie 1149
101150,2026-01-02T19:45:50.000Z,klient603,PL,shipped,344.86,EUR,Zamówienie 1150
101151,2026-01-02T19:48:07.000Z,klient276,DE,delivered,586.63,USD,Zamówienie 1151
101152,2026-01-02T19:50:24.000Z,klient407,GB,pending,375.51,PLN,
101153,2026-01-02T19:52:41.000Z,klient476,US,paid,346.35,EUR,Zamówienie 1153
101154,2026-01-02T19:54:58.000Z,klient558,FR,shipped,391.33,USD,Zamówienie 1154
101155,2026-01-02T19:57:15.000Z,klient583,PL,delivered,133.64,PLN,Zamówienie 1155
101156,2026-01-02T19:59:32.000Z,klient53,DE,pending,251.83,EUR,Zamówienie 1156
101157,2026-01-02T20:01:49.000Z,klient690,GB,paid,477.44,USD,Zamówienie 1157
101158,2026-01-02T20:04:06.000Z,klient605,US,shipped,103.02,PLN,
101159,2026-01-02T20:06:23.000Z,klient489,FR,delivered,509.13,EUR,Zamówienie 1159
101160,2026-01-02T20:08:40.000Z,klient6,PL,pending,19.79,USD,Zamówienie 1160
101161,2026-01-02T20:10:57.000Z,klient579,DE,paid,429.67,PLN,Zamówienie 1161
101162,2026-01-02T20:13:14.000Z,klient369,GB,shipped,319.84,EUR,Zamówienie 1162
101163,2026-01-02T20:15:31.000Z,klient260,US,delivered,345.29,USD,Zamówienie 1163
101164,2026-01-02T20:17:48.000Z,klient833,FR,pending,57.40,PLN,
101165,2026-01-02T20:20:05.000Z,klient583,PL,paid,723.74,EUR,Zamówienie 1165
101166,2026-01-02T20:22:22.000Z,klient59,DE,shipped,170.06,USD,"Uwaga: ""pilne"", sprawdzić"
101167,2026-01-02T20:24:39.000Z,klient6,GB,delivered,683.74,PLN,Zamówienie 1167
101168,2026-01-02T20:26:56.000Z,klient738,US,pending,319.38,EUR,Zamówienie 1168
101169,2026-01-02T20:29:13.000Z,klient133,FR,paid,493.31,USD,Zamówienie 1169
101170,2026-01-02T20:31:30.000Z,klient397,PL,shipped,191.36,PLN,
101171,2026-01-02T20:33:47.000Z,klient31,DE,delivered,698.89,EUR,Zamówienie 1171
101172,2026-01-02T20:36:04.000Z,klient232,GB,pending,353.79,USD,Zamówienie 1172
101173,2026-01-02T20:38:21.000Z,klient353,US,paid,487.95,PLN,Zamówienie 1173
101174,2026-01-02T20:40:38.000Z,klient415,FR,shipped,10.69,EUR,Zamówienie 1174
101175,2026-01-02T20:42:55.000Z,klient591,PL,delivered,473.00,USD,Zamówienie 1175
101176,2026-01-02T20:45:12.000Z,klient882,DE,pending,316.65,PLN,
101177,2026-01-02T20:47:29.000Z,klient689,GB,paid,132.61,EUR,Zamówienie 1177
101178,2026-01-02T20:49:46.000Z,klient233,US,shipped,753.64,USD,Zamówienie 1178
101179,2026-01-02T20:52:03.000Z,klient697,FR,delivered,746.85,PLN,Zamówienie 1179
101180,2026-01-02T20:54:20.000Z,klient67,PL,pending,580.43,EUR,Zamówienie 1180
101181,2026-01-02T20:56:37.000Z,klient29,DE,paid,436.20,USD,Zamówienie 1181
101182,2026-01-02T20:58:54.000Z,klient135,GB,shipped,356.34,PLN,
101183,2026-01-02T21:01:11.000Z,klient617,US,delivered,194.16,EUR,Zamówienie 1183
101184,2026-01-02T21:03:28.000Z,klient49,FR,pending,476.81,USD,Zamówienie 1184
101185,2026-01-02T21:05:45.000Z,klient324,PL,paid,635.48,PLN,Zamówienie 1185
101186,2026-01-02T21:08:02.000Z,klient665,DE,shipped,446.82,EUR,Zamówienie 1186
101187,2026-01-02T21:10:19.000Z,klient836,GB,delivered,576.02,USD,Zamówienie 1187
101188,2026-01-02T21:12:36.000Z,klient594,US,pending,593.57,PLN,
101189,2026-01-02T21:14:53.000Z,klient195,FR,paid,8.98,EUR,Zamówienie 1189
101190,2026-01-02T21:17:10.000Z,klient669,PL,shipped,753.28,USD,Zamówienie 1190
101191,2026-01-02T21:19:27.000Z,klient40,DE,delivered,382.33,PLN,Zamówienie 1191
101192,2026-01-02T21:21:44.000Z,klient161,GB,pending,35.51,EUR,Zamówienie 1192
101193,2026-01-02T21:24:01.000Z,klient766,US,paid,521.99,USD,Zamówienie 1193
101194,2026-01-02T21:26:18.000Z,klient739,FR,shipped,678.42,PLN,
101195,2026-01-02T21:28:35.000Z,klient590,PL,delivered,429.59,EUR,Zamówienie 1195
101196,2026-01-02T21:30:52.000Z,klient56,DE,pending,53.64,USD,Zamówienie 1196
101197,2026-01-02T21:33:09.000Z,klient637,GB,paid,46.53,PLN,Zamówienie 1197
101198,2026-01-02T21:35:26.000Z,klient569,US,shipped,483.70,EUR,Zamówienie 1198
101199,2026-01-02T21:37:43.000Z,klient71,FR,delivered,39.92,USD,Zamówienie 1199
